transaction_id,card_id,merchant_id,syndicate_id,botnet_cluster_id,mule_ring_id,beneficiary_account_id,ip_subnet_prefix,device_fingerprint_id
TX_00000000,CARD_000126,M_6513_00022,,,,,,
TX_00000001,CARD_000126,M_5411_00008,,,,,,
TX_00000002,CARD_000401,M_5999_00142,,,,,,
TX_00000003,CARD_000401,M_5411_00058,,,,,,
TX_00000004,CARD_000401,M_5411_00027,,,,,,
TX_00000005,CARD_000401,M_4816_00011,,,,,,
TX_00000006,CARD_000401,M_5732_00082,,,,,,
TX_00000007,CARD_000401,M_6051_00023,,,,,,
TX_00000008,CARD_000493,M_5812_00021,,,,,,
TX_00000009,CARD_000493,M_5812_00021,,,,,,
TX_00000010,CARD_000690,M_5812_00021,,,,,,
TX_00000011,CARD_000690,M_4816_00131,,,,,,
TX_00000012,CARD_000493,M_5812_00021,,,,,,
TX_00000013,CARD_000493,M_5912_00029,,,,,,
TX_00000014,CARD_000690,M_5999_00142,,,,,,
TX_00000015,CARD_000690,M_5541_00113,,,,,,
TX_00000016,CARD_000493,M_5812_00021,,,,,,
TX_00000017,CARD_000148,M_5411_00051,SYN_US_CARDING_BOT,BOTNET_US_CHECKER_01,MULE_US_SMURF_CHASE_01,MULE_CHASE_00102,198.54.130.0/24,DEV_CHECKER_BOT_021
TX_00000018,CARD_000690,M_4816_00011,,,,,,
TX_00000019,CARD_000690,M_5541_00113,,,,,,
TX_00000020,CARD_000493,M_5541_00113,,,,,,
TX_00000021,CARD_000493,M_5541_00113,,,,,,
TX_00000022,CARD_000493,M_5812_00021,,,,,,
TX_00000023,CARD_000690,M_5812_00021,,,,,,
TX_00000024,CARD_000690,M_5812_00102,,,,,,
TX_00000025,CARD_000153,M_5814_00110,,,,,,
TX_00000026,CARD_000153,M_5541_00113,,,,,,
TX_00000027,CARD_000153,M_5812_00093,,,,,,
TX_00000028,CARD_000933,M_5541_00019,,,,,,
TX_00000029,CARD_000933,M_5541_00019,,,,,,
TX_00000030,CARD_000153,M_5812_00093,,,,,,
TX_00000031,CARD_000933,M_5541_00019,,,,,,
TX_00000032,CARD_000153,M_5999_00142,,,,,,
TX_00000033,CARD_000933,M_5541_00019,,,,,,
TX_00000034,CARD_000933,M_5411_00084,,,,,,
TX_00000035,CARD_000933,M_5411_00084,,,,,,
TX_00000036,CARD_000933,M_5411_00084,,,,,,
TX_00000037,CARD_000933,M_5411_00084,,,,,,
TX_00000038,CARD_000054,M_5411_00015,,,,,,
TX_00000039,CARD_000054,M_5411_00015,,,,,,
TX_00000040,CARD_000054,M_5411_00015,,,,,,
TX_00000041,CARD_000054,M_5411_00015,,,,,,
TX_00000042,CARD_000054,M_5411_00015,,,,,,
TX_00000043,CARD_000054,M_5411_00015,,,,,,
TX_00000044,CARD_000054,M_5411_00015,,,,,,
TX_00000045,CARD_000054,M_5912_00048,,,,,,
TX_00000046,CARD_000054,M_5411_00015,,,,,,
TX_00000047,CARD_000175,M_4816_00011,,,,,,
TX_00000048,CARD_000175,M_5812_00145,,,,,,
TX_00000049,CARD_000367,M_5814_00066,,,,,,
TX_00000050,CARD_000175,M_5912_00101,,,,,,
TX_00000051,CARD_000367,M_5814_00066,,,,,,
TX_00000052,CARD_000175,M_5912_00101,,,,,,
TX_00000053,CARD_000054,M_5411_00015,,,,,,
TX_00000054,CARD_000367,M_5814_00066,,,,,,
TX_00000055,CARD_000054,M_5411_00015,,,,,,
TX_00000056,CARD_000175,M_5912_00101,,,,,,
TX_00000057,CARD_000367,M_5814_00066,,,,,,
TX_00000058,CARD_000367,M_5411_00028,,,,,,
TX_00000059,CARD_000367,M_5814_00066,,,,,,
TX_00000060,CARD_000083,M_5812_00021,,,,,,
TX_00000061,CARD_000367,M_5812_00107,,,,,,
TX_00000062,CARD_000367,M_5812_00107,,,,,,
TX_00000063,CARD_000367,M_5411_00028,,,,,,
TX_00000064,CARD_000367,M_5812_00107,,,,,,
TX_00000065,CARD_000367,M_5812_00112,,,,,,
TX_00000066,CARD_000367,M_5542_00053,,,,,,
TX_00000067,CARD_000367,M_5542_00053,,,,,,
TX_00000068,CARD_000367,M_5912_00048,,,,,,
TX_00000069,CARD_000367,M_5812_00021,,,,,,
TX_00000070,CARD_000367,M_5542_00053,,,,,,
TX_00000071,CARD_000367,M_5812_00021,,,,,,
TX_00000072,CARD_000588,M_5812_00021,,,,,,
TX_00000073,CARD_000588,M_5812_00021,,,,,,
TX_00000074,CARD_000367,M_5812_00021,,,,,,
TX_00000075,CARD_000588,M_5812_00021,,,,,,
TX_00000076,CARD_000588,M_5812_00021,,,,,,
TX_00000077,CARD_000367,M_5812_00021,,,,,,
TX_00000078,CARD_000588,M_5812_00021,,,,,,
TX_00000079,CARD_000004,M_5812_00021,,,,,,
TX_00000080,CARD_000098,M_5999_00142,,,,,,
TX_00000081,CARD_000098,M_5411_00015,,,,,,
TX_00000082,CARD_000069,M_5411_00015,,,,,,
TX_00000083,CARD_000069,M_5311_00116,,,,,,
TX_00000084,CARD_000742,M_5814_00092,,,,,,
TX_00000085,CARD_000710,M_5812_00021,,,,,,
TX_00000086,CARD_000204,M_5812_00021,,,,,,
TX_00000087,CARD_000714,M_5411_00051,,,,,,
TX_00000088,CARD_000440,M_5411_00058,,,,,,
TX_00000089,CARD_000714,M_5411_00051,,,,,,
TX_00000090,CARD_000440,M_5812_00021,,,,,,
TX_00000091,CARD_000714,M_5411_00051,,,,,,
TX_00000092,CARD_000714,M_5411_00015,,,,,,
TX_00000093,CARD_000714,M_5411_00051,,,,,,
TX_00000094,CARD_000714,M_5411_00051,,,,,,
TX_00000095,CARD_000714,M_5411_00051,,,,,,
TX_00000096,CARD_000714,M_5411_00051,,,,,,
TX_00000097,CARD_000806,M_5812_00093,,,,,,
TX_00000098,CARD_000806,M_5812_00093,,,,,,
TX_00000099,CARD_000806,M_5812_00093,,,,,,
TX_00000100,CARD_000806,M_5411_00135,,,,,,
TX_00000101,CARD_000806,M_5814_00069,,,,,,
TX_00000102,CARD_000806,M_5812_00107,,,,,,
TX_00000103,CARD_000116,M_5411_00015,,,,,,
TX_00000104,CARD_000116,M_5411_00015,,,,,,
TX_00000105,CARD_000116,M_5411_00015,,,,,,
TX_00000106,CARD_000116,M_5912_00048,,,,,,
TX_00000107,CARD_000116,M_5999_00142,,,,,,
TX_00000108,CARD_000116,M_5411_00015,,,,,,
TX_00000109,CARD_000116,M_5411_00015,,,,,,
TX_00000110,CARD_000116,M_5411_00015,,,,,,
TX_00000111,CARD_000116,M_5411_00015,,,,,,
TX_00000112,CARD_000116,M_5411_00015,,,,,,
TX_00000113,CARD_000116,M_5411_00015,,,,,,
TX_00000114,CARD_000116,M_5411_00015,,,,,,
TX_00000115,CARD_000677,M_5311_00138,,,,,,
TX_00000116,CARD_000677,M_5812_00102,,,,,,
TX_00000117,CARD_000019,M_5542_00077,,,,,,
TX_00000118,CARD_000019,M_5812_00145,,,,,,
TX_00000119,CARD_000019,M_5542_00077,,,,,,
TX_00000120,CARD_000019,M_5999_00142,,,,,,
TX_00000121,CARD_000019,M_5812_00047,,,,,,
TX_00000122,CARD_000019,M_5812_00021,,,,,,
TX_00000123,CARD_000019,M_5812_00047,,,,,,
TX_00000124,CARD_000019,M_5812_00047,,,,,,
TX_00000125,CARD_000641,M_5912_00086,,,,,,
TX_00000126,CARD_000420,M_5812_00047,,,,,,
TX_00000127,CARD_000420,M_5812_00021,,,,,,
TX_00000128,CARD_000115,M_5999_00142,,,,,,
TX_00000129,CARD_000115,M_5999_00142,,,,,,
TX_00000130,CARD_000020,M_5541_00119,,,,,,
TX_00000131,CARD_000020,M_5814_00065,,,,,,
TX_00000132,CARD_000716,M_5812_00021,,,,,,
TX_00000133,CARD_000716,M_5812_00021,,,,,,
TX_00000134,CARD_000004,M_5814_00066,,,,,,
TX_00000135,CARD_000004,M_5812_00021,,,,,,
TX_00000136,CARD_000503,M_5912_00117,,,,,,
TX_00000137,CARD_000503,M_5912_00117,,,,,,
TX_00000138,CARD_000503,M_5411_00017,,,,,,
TX_00000139,CARD_000265,M_5812_00021,SYN_US_CARDING_BOT,BOTNET_US_CHECKER_01,MULE_US_SMURF_CHASE_01,MULE_CHASE_00103,198.54.130.0/24,DEV_CHECKER_BOT_022
TX_00000140,CARD_000875,M_5812_00021,,,,,,
TX_00000141,CARD_000102,M_5812_00021,,,,,,
TX_00000142,CARD_000102,M_5812_00021,,,,,,
TX_00000143,CARD_000102,M_5311_00104,,,,,,
TX_00000144,CARD_000173,M_5812_00081,,,,,,
TX_00000145,CARD_000102,M_5812_00021,,,,,,
TX_00000146,CARD_000102,M_5812_00021,,,,,,
TX_00000147,CARD_000102,M_5812_00021,,,,,,
TX_00000148,CARD_000102,M_5812_00021,,,,,,
TX_00000149,CARD_000102,M_5812_00021,,,,,,
TX_00000150,CARD_000102,M_5311_00138,,,,,,
TX_00000151,CARD_000102,M_5411_00017,,,,,,
TX_00000152,CARD_000193,M_5541_00132,,,,,,
TX_00000153,CARD_000433,M_5411_00027,,,,,,
TX_00000154,CARD_000193,M_5812_00021,,,,,,
TX_00000155,CARD_000433,M_5814_00140,,,,,,
TX_00000156,CARD_000433,M_5411_00027,,,,,,
TX_00000157,CARD_000433,M_5999_00031,,,,,,
TX_00000158,CARD_000433,M_5812_00046,,,,,,
TX_00000159,CARD_000433,M_5812_00021,,,,,,
TX_00000160,CARD_000433,M_5411_00073,,,,,,
TX_00000161,CARD_000938,M_5814_00110,,,,,,
TX_00000162,CARD_000938,M_5812_00102,,,,,,
TX_00000163,CARD_000433,M_5812_00021,,,,,,
TX_00000164,CARD_000938,M_5812_00081,,,,,,
TX_00000165,CARD_000938,M_5812_00021,,,,,,
TX_00000166,CARD_000938,M_5411_00015,,,,,,
TX_00000167,CARD_000938,M_5812_00032,,,,,,
TX_00000168,CARD_000433,M_5999_00142,,,,,,
TX_00000169,CARD_000938,M_5812_00032,,,,,,
TX_00000170,CARD_000748,M_5311_00116,,,,,,
TX_00000171,CARD_000748,M_5411_00127,,,,,,
TX_00000172,CARD_000950,M_5541_00095,,,,,,
TX_00000173,CARD_000950,M_5411_00051,,,,,,
TX_00000174,CARD_000950,M_5541_00095,,,,,,
TX_00000175,CARD_000008,M_5814_00066,,,,,,
TX_00000176,CARD_000799,M_5814_00066,,,,,,
TX_00000177,CARD_000348,M_5912_00091,,,,,,
TX_00000178,CARD_000348,M_5912_00091,,,,,,
TX_00000179,CARD_000348,M_5912_00091,,,,,,
TX_00000180,CARD_000415,M_5311_00052,,,,,,
TX_00000181,CARD_000199,M_5812_00021,,,,,,
TX_00000182,CARD_000199,M_5812_00123,,,,,,
TX_00000183,CARD_000199,M_5812_00021,,,,,,
TX_00000184,CARD_000199,M_5812_00021,,,,,,
TX_00000185,CARD_000199,M_5999_00142,,,,,,
TX_00000186,CARD_000199,M_5812_00021,,,,,,
TX_00000187,CARD_000199,M_5812_00021,,,,,,
TX_00000188,CARD_000392,M_5812_00093,,,,,,
TX_00000189,CARD_000199,M_5812_00021,,,,,,
TX_00000190,CARD_000392,M_5812_00093,,,,,,
TX_00000191,CARD_000392,M_5812_00093,,,,,,
TX_00000192,CARD_000199,M_5812_00021,,,,,,
TX_00000193,CARD_000864,M_5814_00066,,,,,,
TX_00000194,CARD_000864,M_5814_00009,,,,,,
TX_00000195,CARD_000864,M_5311_00020,,,,,,
TX_00000196,CARD_000864,M_4816_00109,,,,,,
TX_00000197,CARD_000159,M_5411_00058,,,,,,
TX_00000198,CARD_000159,M_5411_00068,,,,,,
TX_00000199,CARD_000159,M_5912_00091,,,,,,
TX_00000200,CARD_000159,M_5812_00032,,,,,,
TX_00000201,CARD_000159,M_5814_00110,,,,,,
TX_00000202,CARD_000797,M_5812_00021,SYN_US_CARDING_BOT,BOTNET_US_CHECKER_01,MULE_US_SMURF_CHASE_01,MULE_CHASE_00109,198.54.130.0/24,DEV_CHECKER_BOT_021
TX_00000203,CARD_000636,M_5912_00117,,,,,,
TX_00000204,CARD_000636,M_5812_00123,,,,,,
TX_00000205,CARD_000168,M_5812_00102,,,,,,
TX_00000206,CARD_000168,M_5999_00103,,,,,,
TX_00000207,CARD_000636,M_5812_00123,,,,,,
TX_00000208,CARD_000636,M_5812_00123,,,,,,
TX_00000209,CARD_000168,M_5812_00021,,,,,,
TX_00000210,CARD_000168,M_5814_00140,,,,,,
TX_00000211,CARD_000636,M_5311_00063,,,,,,
TX_00000212,CARD_000168,M_5732_00013,,,,,,
TX_00000213,CARD_000636,M_5311_00055,,,,,,
TX_00000214,CARD_000636,M_5732_00082,,,,,,
TX_00000215,CARD_000636,M_5311_00055,,,,,,
TX_00000216,CARD_000063,M_4816_00011,,,,,,
TX_00000217,CARD_000063,M_5912_00117,,,,,,
TX_00000218,CARD_000063,M_4816_00100,,,,,,
TX_00000219,CARD_000063,M_5812_00021,,,,,,
TX_00000220,CARD_000063,M_5912_00117,,,,,,
TX_00000221,CARD_000469,M_5999_00142,,,,,,
TX_00000222,CARD_000469,M_5999_00142,,,,,,
TX_00000223,CARD_000469,M_5999_00142,,,,,,
TX_00000224,CARD_000469,M_5999_00142,,,,,,
TX_00000225,CARD_000063,M_5812_00112,,,,,,
TX_00000226,CARD_000469,M_5411_00085,,,,,,
TX_00000227,CARD_000063,M_5912_00117,,,,,,
TX_00000228,CARD_000469,M_5411_00085,,,,,,
TX_00000229,CARD_000911,M_5411_00149,,,,,,
TX_00000230,CARD_000469,M_5812_00021,,,,,,
TX_00000231,CARD_000063,M_5411_00015,,,,,,
TX_00000232,CARD_000911,M_5311_00104,,,,,,
TX_00000233,CARD_000911,M_5812_00021,,,,,,
TX_00000234,CARD_000857,M_5812_00021,,,,,,
TX_00000235,CARD_000262,M_5912_00101,,,,,,
TX_00000236,CARD_000262,M_5542_00053,,,,,,
TX_00000237,CARD_000262,M_5999_00142,,,,,,
TX_00000238,CARD_000024,M_5814_00066,,,,,,
TX_00000239,CARD_000262,M_5814_00089,,,,,,
TX_00000240,CARD_000262,M_5411_00049,,,,,,
TX_00000241,CARD_000980,M_5411_00098,,,,,,
TX_00000242,CARD_000720,M_5541_00129,,,,,,
TX_00000243,CARD_000905,M_5311_00055,,,,,,
TX_00000244,CARD_000905,M_5999_00142,,,,,,
TX_00000245,CARD_000905,M_5411_00015,,,,,,
TX_00000246,CARD_000222,M_5814_00066,,,,,,
TX_00000247,CARD_000828,M_5944_00072,,,,,,
TX_00000248,CARD_000828,M_5311_00138,,,,,,
TX_00000249,CARD_000797,M_5542_00012,,,,,,
TX_00000250,CARD_000496,M_5411_00051,,,,,,
TX_00000251,CARD_000797,M_5999_00142,,,,,,
TX_00000252,CARD_000797,M_5812_00102,,,,,,
TX_00000253,CARD_000797,M_5814_00148,,,,,,
TX_00000254,CARD_000988,M_5912_00048,,,,,,
TX_00000255,CARD_000108,M_5311_00104,,,,,,
TX_00000256,CARD_000424,M_5812_00021,,,,,,
TX_00000257,CARD_000424,M_5812_00021,,,,,,
TX_00000258,CARD_000424,M_5999_00142,,,,,,
TX_00000259,CARD_000868,M_4816_00011,,,,,,
TX_00000260,CARD_000424,M_5541_00120,,,,,,
TX_00000261,CARD_000424,M_5541_00120,,,,,,
TX_00000262,CARD_000234,M_5912_00086,,,,,,
TX_00000263,CARD_000234,M_5912_00086,,,,,,
TX_00000264,CARD_000234,M_5912_00086,,,,,,
TX_00000265,CARD_000424,M_5541_00120,,,,,,
TX_00000266,CARD_000159,M_4816_00100,,,,,,
TX_00000267,CARD_000424,M_5411_00058,,,,,,
TX_00000268,CARD_000356,M_5999_00142,,,,,,
TX_00000269,CARD_000424,M_5411_00088,,,,,,
TX_00000270,CARD_000424,M_5411_00088,,,,,,
TX_00000271,CARD_000695,M_5814_00089,,,,,,
TX_00000272,CARD_000424,M_5812_00021,,,,,,
TX_00000273,CARD_000424,M_5411_00088,,,,,,
TX_00000274,CARD_000424,M_5411_00088,,,,,,
TX_00000275,CARD_000424,M_5812_00021,,,,,,
TX_00000276,CARD_000875,M_5411_00015,,,,,,
TX_00000277,CARD_000424,M_5912_00101,,,,,,
TX_00000278,CARD_000527,M_5814_00141,,,,,,
TX_00000279,CARD_000424,M_5411_00098,,,,,,
TX_00000280,CARD_000527,M_5814_00141,,,,,,
TX_00000281,CARD_000321,M_5812_00021,,,,,,
TX_00000282,CARD_000112,M_5812_00021,SYN_US_CARDING_BOT,BOTNET_US_CHECKER_01,MULE_US_SMURF_CHASE_01,MULE_CHASE_00105,198.54.130.0/24,DEV_CHECKER_BOT_013
TX_00000283,CARD_000122,M_5812_00021,,,,,,
TX_00000284,CARD_000339,M_4816_00109,,,,,,
TX_00000285,CARD_000707,M_5732_00082,,,,,,
TX_00000286,CARD_000678,M_5812_00021,,,,,,
TX_00000287,CARD_000707,M_5814_00089,,,,,,
TX_00000288,CARD_000114,M_5944_00002,,,,,,
TX_00000289,CARD_000707,M_5912_00091,,,,,,
TX_00000290,CARD_000707,M_5812_00021,,,,,,
TX_00000291,CARD_000707,M_5311_00104,,,,,,
TX_00000292,CARD_000707,M_5311_00104,,,,,,
TX_00000293,CARD_000669,M_5411_00015,,,,,,
TX_00000294,CARD_000707,M_5411_00097,,,,,,
TX_00000295,CARD_000707,M_5411_00097,,,,,,
TX_00000296,CARD_000707,M_5411_00097,,,,,,
TX_00000297,CARD_000108,M_5311_00020,,,,,,
TX_00000298,CARD_000603,M_5411_00058,,,,,,
TX_00000299,CARD_000251,M_5812_00102,,,,,,
TX_00000300,CARD_000698,M_5999_00142,,,,,,
TX_00000301,CARD_000251,M_5812_00102,,,,,,
TX_00000302,CARD_000698,M_5411_00058,,,,,,
TX_00000303,CARD_000251,M_5812_00102,,,,,,
TX_00000304,CARD_000251,M_5912_00048,,,,,,
TX_00000305,CARD_000698,M_5812_00081,,,,,,
TX_00000306,CARD_000698,M_5411_00068,,,,,,
TX_00000307,CARD_000698,M_5411_00068,,,,,,
TX_00000308,CARD_000653,M_5812_00145,,,,,,
TX_00000309,CARD_000029,M_5814_00066,,,,,,
TX_00000310,CARD_000310,M_5311_00116,,,,,,
TX_00000311,CARD_000310,M_4816_00011,,,,,,
TX_00000312,CARD_000310,M_5542_00053,,,,,,
TX_00000313,CARD_000511,M_5999_00142,,,,,,
TX_00000314,CARD_000008,M_5311_00079,,,,,,
TX_00000315,CARD_000710,M_5999_00142,,,,,,
TX_00000316,CARD_000710,M_5999_00142,,,,,,
TX_00000317,CARD_000710,M_5999_00142,,,,,,
TX_00000318,CARD_000710,M_5814_00141,,,,,,
TX_00000319,CARD_000710,M_5812_00021,,,,,,
TX_00000320,CARD_000710,M_5814_00066,,,,,,
TX_00000321,CARD_000710,M_5814_00066,,,,,,
TX_00000322,CARD_000014,M_5814_00066,,,,,,
TX_00000323,CARD_000014,M_5411_00015,,,,,,
TX_00000324,CARD_000014,M_5411_00015,,,,,,
TX_00000325,CARD_000014,M_5411_00111,,,,,,
TX_00000326,CARD_000014,M_5999_00142,,,,,,
TX_00000327,CARD_000014,M_5411_00139,,,,,,
TX_00000328,CARD_000014,M_5814_00148,,,,,,
TX_00000329,CARD_000014,M_5912_00105,,,,,,
TX_00000330,CARD_000014,M_5411_00073,,,,,,
TX_00000331,CARD_000014,M_5541_00113,,,,,,
TX_00000332,CARD_000117,M_5311_00052,,,,,,
TX_00000333,CARD_000124,M_5411_00059,,,,,,
TX_00000334,CARD_000124,M_5411_00059,,,,,,
TX_00000335,CARD_000124,M_5411_00059,,,,,,
TX_00000336,CARD_000124,M_5411_00059,,,,,,
TX_00000337,CARD_000124,M_5411_00059,,,,,,
TX_00000338,CARD_000124,M_6051_00023,,,,,,
TX_00000339,CARD_000124,M_5814_00089,,,,,,
TX_00000340,CARD_000379,M_5411_00015,,,,,,
TX_00000341,CARD_000977,M_5541_00113,,,,,,
TX_00000342,CARD_000977,M_5541_00113,,,,,,
TX_00000343,CARD_000718,M_5812_00047,,,,,,
TX_00000344,CARD_000977,M_5541_00113,,,,,,
TX_00000345,CARD_000977,M_5541_00113,,,,,,
TX_00000346,CARD_000231,M_5411_00025,,,,,,
TX_00000347,CARD_000449,M_5812_00021,SYN_US_IAB_STEALER,BOTNET_US_MALWARE_C2_05,MULE_US_SMURF_CHASE_01,MULE_CHASE_00113,185.220.101.0/24,DEV_MALWARE_DROPPER_006
TX_00000348,CARD_000231,M_5411_00025,,,,,,
TX_00000349,CARD_000231,M_5411_00025,,,,,,
TX_00000350,CARD_000050,M_5812_00021,,,,,,
TX_00000351,CARD_000050,M_5812_00021,,,,,,
TX_00000352,CARD_000050,M_5812_00021,,,,,,
TX_00000353,CARD_000226,M_5814_00001,,,,,,
TX_00000354,CARD_000226,M_5814_00001,,,,,,
TX_00000355,CARD_000620,M_6051_00023,,,,,,
TX_00000356,CARD_000226,M_5311_00116,,,,,,
TX_00000357,CARD_000226,M_5311_00138,,,,,,
TX_00000358,CARD_000226,M_5814_00001,,,,,,
TX_00000359,CARD_000226,M_5812_00021,,,,,,
TX_00000360,CARD_000226,M_5814_00001,,,,,,
TX_00000361,CARD_000419,M_5812_00081,,,,,,
TX_00000362,CARD_000419,M_5812_00081,,,,,,
TX_00000363,CARD_000419,M_5812_00081,,,,,,
TX_00000364,CARD_000373,M_5732_00013,,,,,,
TX_00000365,CARD_000373,M_5814_00066,,,,,,
TX_00000366,CARD_000373,M_5814_00066,,,,,,
TX_00000367,CARD_000716,M_5814_00148,,,,,,
TX_00000368,CARD_000716,M_4816_00011,,,,,,
TX_00000369,CARD_000373,M_5814_00066,,,,,,
TX_00000370,CARD_000716,M_5732_00045,,,,,,
TX_00000371,CARD_000401,M_5812_00081,,,,,,
TX_00000372,CARD_000785,M_5812_00112,,,,,,
TX_00000373,CARD_000373,M_5999_00142,,,,,,
TX_00000374,CARD_000373,M_5999_00142,,,,,,
TX_00000375,CARD_000971,M_5411_00015,,,,,,
TX_00000376,CARD_000971,M_5812_00021,,,,,,
TX_00000377,CARD_000373,M_5541_00113,,,,,,
TX_00000378,CARD_000373,M_5814_00066,,,,,,
TX_00000379,CARD_000971,M_5812_00102,,,,,,
TX_00000380,CARD_000373,M_5541_00113,,,,,,
TX_00000381,CARD_000373,M_5814_00092,,,,,,
TX_00000382,CARD_000971,M_5411_00015,,,,,,
TX_00000383,CARD_000373,M_5541_00113,,,,,,
TX_00000384,CARD_000978,M_5812_00133,,,,,,
TX_00000385,CARD_000533,M_5812_00047,,,,,,
TX_00000386,CARD_000533,M_5812_00047,,,,,,
TX_00000387,CARD_000533,M_5812_00047,,,,,,
TX_00000388,CARD_000533,M_5812_00047,,,,,,
TX_00000389,CARD_000289,M_5814_00066,,,,,,
TX_00000390,CARD_000056,M_5814_00066,SYN_US_CARDING_BOT,BOTNET_US_CHECKER_01,MULE_US_SMURF_CHASE_01,MULE_CHASE_00107,198.54.130.0/24,DEV_CHECKER_BOT_008
TX_00000391,CARD_000664,M_5411_00051,,,,,,
TX_00000392,CARD_000077,M_5814_00092,,,,,,
TX_00000393,CARD_000409,M_5411_00083,,,,,,
TX_00000394,CARD_000077,M_5814_00148,,,,,,
TX_00000395,CARD_000077,M_5411_00149,,,,,,
TX_00000396,CARD_000409,M_5311_00104,,,,,,
TX_00000397,CARD_000146,M_5411_00015,,,,,,
TX_00000398,CARD_000534,M_5812_00102,,,,,,
TX_00000399,CARD_000534,M_5311_00138,,,,,,
TX_00000400,CARD_000567,M_5311_00055,,,,,,
TX_00000401,CARD_000429,M_5411_00073,,,,,,
TX_00000402,CARD_000429,M_5411_00073,,,,,,
TX_00000403,CARD_000106,M_5542_00053,,,,,,
TX_00000404,CARD_000106,M_5542_00053,,,,,,
TX_00000405,CARD_000106,M_5542_00053,,,,,,
TX_00000406,CARD_000106,M_5812_00021,,,,,,
TX_00000407,CARD_000106,M_5542_00053,,,,,,
TX_00000408,CARD_000106,M_5411_00114,,,,,,
TX_00000409,CARD_000811,M_5814_00144,,,,,,
TX_00000410,CARD_000811,M_5814_00144,,,,,,
TX_00000411,CARD_000811,M_5812_00033,,,,,,
TX_00000412,CARD_000066,M_5542_00053,,,,,,
TX_00000413,CARD_000066,M_5542_00039,,,,,,
TX_00000414,CARD_000789,M_5814_00066,,,,,,
TX_00000415,CARD_000789,M_5814_00066,,,,,,
TX_00000416,CARD_000893,M_5812_00076,,,,,,
TX_00000417,CARD_000376,M_5812_00102,,,,,,
TX_00000418,CARD_000376,M_5311_00116,,,,,,
TX_00000419,CARD_000371,M_5732_00082,,,,,,
TX_00000420,CARD_000371,M_5411_00015,,,,,,
TX_00000421,CARD_000371,M_5732_00082,,,,,,
TX_00000422,CARD_000371,M_5732_00082,,,,,,
TX_00000423,CARD_000371,M_5411_00015,,,,,,
TX_00000424,CARD_000141,M_5814_00066,,,,,,
TX_00000425,CARD_000141,M_5814_00066,,,,,,
TX_00000426,CARD_000141,M_5411_00015,,,,,,
TX_00000427,CARD_000141,M_5411_00015,,,,,,
TX_00000428,CARD_000141,M_5411_00004,,,,,,
TX_00000429,CARD_000141,M_5814_00066,,,,,,
TX_00000430,CARD_000141,M_5411_00038,,,,,,
TX_00000431,CARD_000930,M_5541_00113,,,,,,
TX_00000432,CARD_000495,M_4816_00011,,,,,,
TX_00000433,CARD_000495,M_5541_00095,,,,,,
TX_00000434,CARD_000254,M_5912_00105,,,,,,
TX_00000435,CARD_000426,M_5812_00021,,,,,,
TX_00000436,CARD_000608,M_5814_00065,,,,,,
TX_00000437,CARD_000171,M_5999_00142,,,,,,
TX_00000438,CARD_000171,M_5814_00125,,,,,,
TX_00000439,CARD_000171,M_5814_00066,,,,,,
TX_00000440,CARD_000171,M_5812_00123,,,,,,
TX_00000441,CARD_000171,M_5411_00015,,,,,,
TX_00000442,CARD_000171,M_5411_00028,,,,,,
TX_00000443,CARD_000171,M_5812_00046,,,,,,
TX_00000444,CARD_000171,M_5812_00021,,,,,,
TX_00000445,CARD_000037,M_5812_00102,SYN_US_CARDING_BOT,BOTNET_US_CHECKER_01,MULE_US_SMURF_CHASE_01,MULE_CHASE_00102,198.54.130.0/24,DEV_CHECKER_BOT_007
TX_00000446,CARD_000442,M_5912_00091,,,,,,
TX_00000447,CARD_000171,M_4816_00011,,,,,,
TX_00000448,CARD_000171,M_5311_00052,,,,,,
TX_00000449,CARD_000171,M_5411_00051,,,,,,
TX_00000450,CARD_000171,M_5812_00021,,,,,,
TX_00000451,CARD_000171,M_5812_00021,,,,,,
TX_00000452,CARD_000387,M_5732_00045,,,,,,
TX_00000453,CARD_000221,M_5812_00021,,,,,,
TX_00000454,CARD_000059,M_5411_00015,,,,,,
TX_00000455,CARD_000059,M_5812_00021,,,,,,
TX_00000456,CARD_000059,M_5812_00021,,,,,,
TX_00000457,CARD_000805,M_5541_00143,,,,,,
TX_00000458,CARD_000059,M_5814_00066,,,,,,
TX_00000459,CARD_000805,M_5541_00143,,,,,,
TX_00000460,CARD_000805,M_5541_00143,,,,,,
TX_00000461,CARD_000602,M_5814_00148,,,,,,
TX_00000462,CARD_000602,M_5814_00148,,,,,,
TX_00000463,CARD_000805,M_5812_00021,,,,,,
TX_00000464,CARD_000602,M_5814_00148,,,,,,
TX_00000465,CARD_000805,M_5812_00021,,,,,,
TX_00000466,CARD_000602,M_5814_00148,,,,,,
TX_00000467,CARD_000414,M_5542_00053,,,,,,
TX_00000468,CARD_000414,M_5542_00053,,,,,,
TX_00000469,CARD_000414,M_5311_00079,,,,,,
TX_00000470,CARD_000414,M_5999_00142,,,,,,
TX_00000471,CARD_000099,M_5812_00145,,,,,,
TX_00000472,CARD_000099,M_5999_00142,,,,,,
TX_00000473,CARD_000099,M_5812_00021,,,,,,
TX_00000474,CARD_000112,M_5732_00045,SYN_US_SYNTHETIC_BUSTOUT,BOTNET_US_RES_COMCAST_02,MULE_US_BUSTOUT_WF_03,MULE_WELLS_CORP_00308,73.162.10.0/24,DEV_RES_CHROME_WIN_007
TX_00000475,CARD_000037,M_5732_00045,SYN_US_ATO_SYNDICATE,BOTNET_US_RES_COMCAST_02,MULE_US_AGGREGATOR_LLC_02,MULE_BOA_CORP_00206,73.162.10.0/24,DEV_RES_CHROME_WIN_012
TX_00000476,CARD_000133,M_5812_00021,,,,,,
TX_00000477,CARD_000025,M_5311_00079,,,,,,
TX_00000478,CARD_000604,M_5814_00066,,,,,,
TX_00000479,CARD_000010,M_5812_00046,,,,,,
TX_00000480,CARD_000010,M_5541_00129,,,,,,
TX_00000481,CARD_000010,M_5812_00046,,,,,,
TX_00000482,CARD_000247,M_5411_00015,,,,,,
TX_00000483,CARD_000010,M_5411_00015,,,,,,
TX_00000484,CARD_000010,M_5411_00068,,,,,,
TX_00000485,CARD_000247,M_5411_00015,,,,,,
TX_00000486,CARD_000247,M_5411_00015,,,,,,
TX_00000487,CARD_000247,M_5812_00021,,,,,,
TX_00000488,CARD_000247,M_5411_00015,,,,,,
TX_00000489,CARD_000247,M_5812_00043,,,,,,
TX_00000490,CARD_000247,M_5411_00025,,,,,,
TX_00000491,CARD_000247,M_5411_00025,,,,,,
TX_00000492,CARD_000337,M_5999_00142,,,,,,
TX_00000493,CARD_000337,M_5999_00142,,,,,,
TX_00000494,CARD_000337,M_5541_00113,,,,,,
TX_00000495,CARD_000337,M_5912_00086,,,,,,
TX_00000496,CARD_000337,M_5912_00048,,,,,,
TX_00000497,CARD_000834,M_5812_00093,,,,,,
TX_00000498,CARD_000834,M_5812_00093,,,,,,
TX_00000499,CARD_000295,M_5732_00082,,,,,,
TX_00000500,CARD_000834,M_5999_00142,,,,,,
TX_00000501,CARD_000834,M_5812_00096,,,,,,
TX_00000502,CARD_000629,M_5541_00019,,,,,,
TX_00000503,CARD_000834,M_5812_00096,,,,,,
TX_00000504,CARD_000834,M_5812_00102,,,,,,
TX_00000505,CARD_000829,M_5912_00101,,,,,,
TX_00000506,CARD_000834,M_5541_00064,,,,,,
TX_00000507,CARD_000882,M_5999_00142,,,,,,
TX_00000508,CARD_000282,M_5411_00051,,,,,,
TX_00000509,CARD_000497,M_5812_00021,,,,,,
TX_00000510,CARD_000282,M_5999_00142,,,,,,
TX_00000511,CARD_000282,M_5411_00015,,,,,,
TX_00000512,CARD_000282,M_5814_00066,,,,,,
TX_00000513,CARD_000282,M_5411_00068,,,,,,
TX_00000514,CARD_000282,M_5411_00015,,,,,,
TX_00000515,CARD_000724,M_5812_00093,,,,,,
TX_00000516,CARD_000656,M_5814_00066,,,,,,
TX_00000517,CARD_000656,M_5411_00015,,,,,,
TX_00000518,CARD_000656,M_5814_00066,,,,,,
TX_00000519,CARD_000225,M_5812_00021,,,,,,
TX_00000520,CARD_000675,M_5411_00036,,,,,,
TX_00000521,CARD_000067,M_5812_00021,,,,,,
TX_00000522,CARD_000067,M_5812_00021,,,,,,
TX_00000523,CARD_000067,M_5812_00021,,,,,,
TX_00000524,CARD_000142,M_5411_00015,,,,,,
TX_00000525,CARD_000142,M_5541_00120,,,,,,
TX_00000526,CARD_000142,M_5812_00021,,,,,,
TX_00000527,CARD_000142,M_5812_00021,,,,,,
TX_00000528,CARD_000142,M_5411_00015,,,,,,
TX_00000529,CARD_000142,M_5411_00059,,,,,,
TX_00000530,CARD_000142,M_5812_00021,,,,,,
TX_00000531,CARD_000142,M_4816_00011,,,,,,
TX_00000532,CARD_000142,M_5814_00147,,,,,,
TX_00000533,CARD_000142,M_5999_00142,,,,,,
TX_00000534,CARD_000359,M_5999_00142,,,,,,
TX_00000535,CARD_000229,M_5812_00021,,,,,,
TX_00000536,CARD_000447,M_5912_00042,,,,,,
TX_00000537,CARD_000447,M_5812_00021,,,,,,
TX_00000538,CARD_000447,M_5814_00092,,,,,,
TX_00000539,CARD_000447,M_5814_00092,,,,,,
TX_00000540,CARD_000447,M_5814_00092,,,,,,
TX_00000541,CARD_000099,M_5812_00021,,,,,,
TX_00000542,CARD_000447,M_5999_00142,,,,,,
TX_00000543,CARD_000099,M_5812_00021,,,,,,
TX_00000544,CARD_000099,M_5812_00123,,,,,,
TX_00000545,CARD_000447,M_5541_00113,,,,,,
TX_00000546,CARD_000099,M_5814_00148,,,,,,
TX_00000547,CARD_000860,M_5411_00015,,,,,,
TX_00000548,CARD_000963,M_5411_00025,,,,,,
TX_00000549,CARD_000963,M_5732_00045,,,,,,
TX_00000550,CARD_000963,M_5732_00045,,,,,,
TX_00000551,CARD_000963,M_5732_00045,,,,,,
TX_00000552,CARD_000963,M_5999_00142,,,,,,
TX_00000553,CARD_000963,M_5814_00066,,,,,,
TX_00000554,CARD_000963,M_5732_00045,,,,,,
TX_00000555,CARD_000963,M_5311_00116,,,,,,
TX_00000556,CARD_000963,M_5812_00021,,,,,,
TX_00000557,CARD_000280,M_5812_00145,,,,,,
TX_00000558,CARD_000703,M_5812_00076,,,,,,
TX_00000559,CARD_000703,M_5411_00051,,,,,,
TX_00000560,CARD_000703,M_5541_00143,,,,,,
TX_00000561,CARD_000090,M_5411_00027,,,,,,
TX_00000562,CARD_000703,M_5999_00031,,,,,,
TX_00000563,CARD_000703,M_5411_00073,,,,,,
TX_00000564,CARD_000703,M_6513_00005,,,,,,
TX_00000565,CARD_000703,M_5812_00096,,,,,,
TX_00000566,CARD_000634,M_5812_00021,,,,,,
TX_00000567,CARD_000703,M_5812_00096,,,,,,
TX_00000568,CARD_000634,M_5814_00037,,,,,,
TX_00000569,CARD_000634,M_5311_00020,,,,,,
TX_00000570,CARD_000634,M_5311_00020,,,,,,
TX_00000571,CARD_000634,M_5814_00066,,,,,,
TX_00000572,CARD_000407,M_5812_00021,,,,,,
TX_00000573,CARD_000297,M_5411_00028,SYN_US_CARDING_BOT,BOTNET_US_CHECKER_01,MULE_US_SMURF_CHASE_01,MULE_CHASE_00112,198.54.130.0/24,DEV_CHECKER_BOT_007
TX_00000574,CARD_000298,M_5812_00046,,,,,,
TX_00000575,CARD_000298,M_5812_00081,,,,,,
TX_00000576,CARD_000298,M_5812_00081,,,,,,
TX_00000577,CARD_000298,M_5812_00081,,,,,,
TX_00000578,CARD_000086,M_5411_00127,,,,,,
TX_00000579,CARD_000086,M_5812_00021,,,,,,
TX_00000580,CARD_000298,M_5812_00081,,,,,,
TX_00000581,CARD_000086,M_5541_00113,,,,,,
TX_00000582,CARD_000086,M_5814_00066,,,,,,
TX_00000583,CARD_000298,M_5411_00050,,,,,,
TX_00000584,CARD_000298,M_5411_00084,,,,,,
TX_00000585,CARD_000298,M_5814_00066,,,,,,
TX_00000586,CARD_000298,M_5812_00021,,,,,,
TX_00000587,CARD_000298,M_5814_00066,,,,,,
TX_00000588,CARD_000298,M_6513_00022,,,,,,
TX_00000589,CARD_000657,M_5411_00015,,,,,,
TX_00000590,CARD_000641,M_5541_00057,,,,,,
TX_00000591,CARD_000641,M_5541_00057,,,,,,
TX_00000592,CARD_000384,M_5912_00086,,,,,,
TX_00000593,CARD_000384,M_5912_00086,,,,,,
TX_00000594,CARD_000641,M_5812_00021,,,,,,
TX_00000595,CARD_000384,M_5912_00086,,,,,,
TX_00000596,CARD_000641,M_5812_00102,,,,,,
TX_00000597,CARD_000959,M_5812_00107,,,,,,
TX_00000598,CARD_000959,M_5814_00066,,,,,,
TX_00000599,CARD_000959,M_5411_00127,,,,,,
TX_00000600,CARD_000264,M_5812_00112,,,,,,
TX_00000601,CARD_000264,M_5814_00066,,,,,,
TX_00000602,CARD_000264,M_5812_00112,,,,,,
TX_00000603,CARD_000264,M_5812_00112,,,,,,
TX_00000604,CARD_000264,M_5812_00112,,,,,,
TX_00000605,CARD_000264,M_5812_00112,,,,,,
TX_00000606,CARD_000517,M_5311_00116,,,,,,
TX_00000607,CARD_000541,M_5411_00015,,,,,,
TX_00000608,CARD_000541,M_5999_00142,,,,,,
TX_00000609,CARD_000541,M_5912_00086,,,,,,
TX_00000610,CARD_000541,M_5411_00124,,,,,,
TX_00000611,CARD_000541,M_5411_00088,,,,,,
TX_00000612,CARD_000541,M_5411_00088,,,,,,
TX_00000613,CARD_000541,M_5411_00088,,,,,,
TX_00000614,CARD_000541,M_5812_00067,,,,,,
TX_00000615,CARD_000393,M_5541_00057,,,,,,
TX_00000616,CARD_000393,M_5912_00091,,,,,,
TX_00000617,CARD_000805,M_5812_00021,,,,,,
TX_00000618,CARD_000393,M_4816_00011,,,,,,
TX_00000619,CARD_000393,M_5814_00066,,,,,,
TX_00000620,CARD_000393,M_5999_00142,,,,,,
TX_00000621,CARD_000364,M_5411_00068,,,,,,
TX_00000622,CARD_000393,M_5411_00051,,,,,,
TX_00000623,CARD_000364,M_5411_00068,,,,,,
TX_00000624,CARD_000393,M_5944_00002,,,,,,
TX_00000625,CARD_000364,M_5812_00112,,,,,,
TX_00000626,CARD_000393,M_5812_00021,,,,,,
TX_00000627,CARD_000364,M_5541_00129,,,,,,
TX_00000628,CARD_000364,M_5812_00021,,,,,,
TX_00000629,CARD_000898,M_6513_00022,,,,,,
TX_00000630,CARD_000520,M_5812_00021,,,,,,
TX_00000631,CARD_000520,M_5812_00021,,,,,,
TX_00000632,CARD_000600,M_5541_00113,,,,,,
TX_00000633,CARD_000600,M_5732_00045,,,,,,
TX_00000634,CARD_000600,M_5542_00060,,,,,,
TX_00000635,CARD_000404,M_5812_00145,,,,,,
TX_00000636,CARD_000826,M_5999_00142,,,,,,
TX_00000637,CARD_000404,M_5812_00145,,,,,,
TX_00000638,CARD_000458,M_5999_00142,,,,,,
TX_00000639,CARD_000989,M_5732_00018,,,,,,
TX_00000640,CARD_000466,M_5999_00142,,,,,,
TX_00000641,CARD_000418,M_5814_00089,,,,,,
TX_00000642,CARD_000418,M_5814_00089,,,,,,
TX_00000643,CARD_000418,M_5814_00089,,,,,,
TX_00000644,CARD_000844,M_5812_00021,,,,,,
TX_00000645,CARD_000844,M_5812_00021,,,,,,
TX_00000646,CARD_000844,M_5812_00021,,,,,,
TX_00000647,CARD_000844,M_5812_00021,,,,,,
TX_00000648,CARD_000561,M_5411_00058,,,,,,
TX_00000649,CARD_000844,M_5812_00021,,,,,,
TX_00000650,CARD_000844,M_5812_00021,,,,,,
TX_00000651,CARD_000844,M_5812_00021,,,,,,
TX_00000652,CARD_000844,M_5814_00148,,,,,,
TX_00000653,CARD_000844,M_5814_00148,,,,,,
TX_00000654,CARD_000837,M_5311_00116,,,,,,
TX_00000655,CARD_000844,M_5814_00148,,,,,,
TX_00000656,CARD_000844,M_5812_00021,,,,,,
TX_00000657,CARD_000362,M_5812_00033,,,,,,
TX_00000658,CARD_000362,M_5812_00021,,,,,,
TX_00000659,CARD_000362,M_5812_00021,,,,,,
TX_00000660,CARD_000362,M_5311_00116,,,,,,
TX_00000661,CARD_000362,M_5311_00138,,,,,,
TX_00000662,CARD_000362,M_5812_00021,,,,,,
TX_00000663,CARD_000362,M_5812_00021,,,,,,
TX_00000664,CARD_000362,M_5812_00021,,,,,,
TX_00000665,CARD_000362,M_5812_00021,,,,,,
TX_00000666,CARD_000743,M_5812_00021,,,,,,
TX_00000667,CARD_000205,M_5411_00114,,,,,,
TX_00000668,CARD_000205,M_4816_00011,,,,,,
TX_00000669,CARD_000205,M_5311_00063,,,,,,
TX_00000670,CARD_000744,M_5411_00051,,,,,,
TX_00000671,CARD_000857,M_5812_00093,,,,,,
TX_00000672,CARD_000857,M_5812_00021,,,,,,
TX_00000673,CARD_000219,M_5814_00089,SYN_US_CARDING_BOT,BOTNET_US_CHECKER_01,MULE_US_SMURF_CHASE_01,MULE_CHASE_00104,198.54.130.0/24,DEV_CHECKER_BOT_012
TX_00000674,CARD_000038,M_4816_00011,,,,,,
TX_00000675,CARD_000037,M_5814_00066,SYN_US_FINCEN_MULE_NET,BOTNET_US_RES_ATT_03,MULE_US_AGGREGATOR_LLC_02,MULE_BOA_CORP_00206,108.204.45.0/24,DEV_RES_EDGE_WIN_002
TX_00000676,CARD_000403,M_5814_00014,,,,,,
TX_00000677,CARD_000643,M_5411_00051,,,,,,
TX_00000678,CARD_000643,M_5411_00051,,,,,,
TX_00000679,CARD_000646,M_5812_00081,,,,,,
TX_00000680,CARD_000560,M_5812_00021,,,,,,
TX_00000681,CARD_000287,M_5912_00048,,,,,,
TX_00000682,CARD_000567,M_5814_00066,,,,,,
TX_00000683,CARD_000567,M_5411_00058,,,,,,
TX_00000684,CARD_000567,M_5812_00102,,,,,,
TX_00000685,CARD_000567,M_5812_00076,,,,,,
TX_00000686,CARD_000745,M_5812_00021,,,,,,
TX_00000687,CARD_000567,M_5814_00092,,,,,,
TX_00000688,CARD_000400,M_5812_00145,,,,,,
TX_00000689,CARD_000633,M_5812_00021,,,,,,
TX_00000690,CARD_000567,M_5812_00081,,,,,,
TX_00000691,CARD_000567,M_5999_00142,,,,,,
TX_00000692,CARD_000074,M_5311_00079,,,,,,
TX_00000693,CARD_000567,M_5814_00066,,,,,,
TX_00000694,CARD_000174,M_5812_00021,,,,,,
TX_00000695,CARD_000567,M_5999_00031,,,,,,
TX_00000696,CARD_000174,M_5812_00021,,,,,,
TX_00000697,CARD_000567,M_5999_00031,,,,,,
TX_00000698,CARD_000174,M_5812_00021,,,,,,
TX_00000699,CARD_000174,M_5812_00021,,,,,,
TX_00000700,CARD_000852,M_5542_00121,,,,,,
TX_00000701,CARD_000567,M_5732_00018,,,,,,
TX_00000702,CARD_000069,M_5812_00102,,,,,,
TX_00000703,CARD_000993,M_5814_00066,,,,,,
TX_00000704,CARD_000069,M_5411_00098,,,,,,
TX_00000705,CARD_000174,M_5812_00021,,,,,,
TX_00000706,CARD_000852,M_5411_00059,,,,,,
TX_00000707,CARD_000174,M_5812_00021,,,,,,
TX_00000708,CARD_000993,M_5912_00042,,,,,,
TX_00000709,CARD_000174,M_5812_00021,,,,,,
TX_00000710,CARD_000993,M_5411_00025,,,,,,
TX_00000711,CARD_000852,M_5411_00097,,,,,,
TX_00000712,CARD_000852,M_5812_00021,,,,,,
TX_00000713,CARD_000993,M_5411_00025,,,,,,
TX_00000714,CARD_000993,M_5411_00025,,,,,,
TX_00000715,CARD_000852,M_5999_00142,,,,,,
TX_00000716,CARD_000993,M_5411_00025,,,,,,
TX_00000717,CARD_000993,M_5411_00025,,,,,,
TX_00000718,CARD_000852,M_5999_00142,,,,,,
TX_00000719,CARD_000993,M_5812_00071,,,,,,
TX_00000720,CARD_000993,M_5912_00091,,,,,,
TX_00000721,CARD_000993,M_5812_00071,,,,,,
TX_00000722,CARD_000167,M_5999_00142,,,,,,
TX_00000723,CARD_000852,M_5812_00021,,,,,,
TX_00000724,CARD_000993,M_5812_00071,,,,,,
TX_00000725,CARD_000852,M_5411_00097,,,,,,
TX_00000726,CARD_000167,M_5812_00046,,,,,,
TX_00000727,CARD_000852,M_5411_00097,,,,,,
TX_00000728,CARD_000167,M_5999_00142,,,,,,
TX_00000729,CARD_000993,M_5812_00071,,,,,,
TX_00000730,CARD_000167,M_5999_00142,,,,,,
TX_00000731,CARD_000993,M_5814_00140,,,,,,
TX_00000732,CARD_000993,M_5812_00071,,,,,,
TX_00000733,CARD_000867,M_5812_00145,,,,,,
TX_00000734,CARD_000625,M_5541_00113,,,,,,
TX_00000735,CARD_000625,M_6051_00023,,,,,,
TX_00000736,CARD_000625,M_5541_00113,,,,,,
TX_00000737,CARD_000625,M_5541_00113,,,,,,
TX_00000738,CARD_000631,M_5812_00021,,,,,,
TX_00000739,CARD_000631,M_5999_00142,,,,,,
TX_00000740,CARD_000625,M_5812_00021,,,,,,
TX_00000741,CARD_000625,M_5814_00066,,,,,,
TX_00000742,CARD_000625,M_5812_00046,,,,,,
TX_00000743,CARD_000631,M_5311_00138,,,,,,
TX_00000744,CARD_000631,M_5812_00021,,,,,,
TX_00000745,CARD_000631,M_5812_00102,,,,,,
TX_00000746,CARD_000631,M_5812_00102,,,,,,
TX_00000747,CARD_000631,M_5912_00048,,,,,,
TX_00000748,CARD_000240,M_5814_00066,,,,,,
TX_00000749,CARD_000240,M_5814_00066,,,,,,
TX_00000750,CARD_000240,M_5814_00066,,,,,,
TX_00000751,CARD_000240,M_5814_00066,,,,,,
TX_00000752,CARD_000240,M_5814_00147,,,,,,
TX_00000753,CARD_000240,M_5814_00147,,,,,,
TX_00000754,CARD_000204,M_5732_00013,,,,,,
TX_00000755,CARD_000240,M_5411_00015,,,,,,
TX_00000756,CARD_000240,M_5814_00147,,,,,,
TX_00000757,CARD_000240,M_5814_00147,,,,,,
TX_00000758,CARD_000240,M_5814_00147,,,,,,
TX_00000759,CARD_000240,M_5411_00050,,,,,,
TX_00000760,CARD_000214,M_5999_00142,,,,,,
TX_00000761,CARD_000671,M_5814_00092,,,,,,
TX_00000762,CARD_000214,M_5411_00015,,,,,,
TX_00000763,CARD_000013,M_5812_00021,,,,,,
TX_00000764,CARD_000013,M_5814_00066,,,,,,
TX_00000765,CARD_000013,M_5812_00081,,,,,,
TX_00000766,CARD_000013,M_5812_00081,,,,,,
TX_00000767,CARD_000013,M_5812_00081,,,,,,
TX_00000768,CARD_000006,M_5541_00064,,,,,,
TX_00000769,CARD_000131,M_5542_00060,,,,,,
TX_00000770,CARD_000809,M_5814_00141,,,,,,
TX_00000771,CARD_000809,M_5812_00145,,,,,,
TX_00000772,CARD_000809,M_5812_00021,,,,,,
TX_00000773,CARD_000809,M_5311_00006,,,,,,
TX_00000774,CARD_000300,M_5814_00034,,,,,,
TX_00000775,CARD_000300,M_5814_00034,,,,,,
TX_00000776,CARD_000324,M_5812_00021,,,,,,
TX_00000777,CARD_000324,M_5812_00021,,,,,,
TX_00000778,CARD_000523,M_5944_00002,,,,,,
TX_00000779,CARD_000523,M_5311_00104,,,,,,
TX_00000780,CARD_000654,M_5812_00112,,,,,,
TX_00000781,CARD_000728,M_5812_00093,,,,,,
TX_00000782,CARD_000728,M_5812_00093,,,,,,
TX_00000783,CARD_000728,M_5812_00093,,,,,,
TX_00000784,CARD_000504,M_5812_00021,,,,,,
TX_00000785,CARD_000462,M_5999_00142,,,,,,
TX_00000786,CARD_000462,M_5999_00142,,,,,,
TX_00000787,CARD_000186,M_5812_00081,,,,,,
TX_00000788,CARD_000320,M_5999_00142,,,,,,
TX_00000789,CARD_000462,M_5999_00142,,,,,,
TX_00000790,CARD_000462,M_5999_00142,,,,,,
TX_00000791,CARD_000186,M_5812_00046,,,,,,
TX_00000792,CARD_000772,M_5999_00142,,,,,,
TX_00000793,CARD_000772,M_5999_00142,,,,,,
TX_00000794,CARD_000772,M_5999_00142,,,,,,
TX_00000795,CARD_000772,M_5999_00142,,,,,,
TX_00000796,CARD_000527,M_5411_00149,,,,,,
TX_00000797,CARD_000235,M_5912_00117,,,,,,
TX_00000798,CARD_000949,M_5812_00021,,,,,,
TX_00000799,CARD_000949,M_5411_00073,,,,,,
TX_00000800,CARD_000833,M_5311_00063,SYN_US_CARDING_BOT,BOTNET_US_CHECKER_01,MULE_US_SMURF_CHASE_01,MULE_CHASE_00105,198.54.130.0/24,DEV_CHECKER_BOT_007
TX_00000801,CARD_000998,M_5311_00007,,,,,,
TX_00000802,CARD_000194,M_5542_00053,,,,,,
TX_00000803,CARD_000194,M_5542_00053,,,,,,
TX_00000804,CARD_000194,M_5912_00101,,,,,,
TX_00000805,CARD_000194,M_5541_00143,,,,,,
TX_00000806,CARD_000492,M_5812_00021,,,,,,
TX_00000807,CARD_000194,M_5541_00143,,,,,,
TX_00000808,CARD_000194,M_5812_00021,,,,,,
TX_00000809,CARD_000593,M_5912_00117,,,,,,
TX_00000810,CARD_000194,M_5541_00143,,,,,,
TX_00000811,CARD_000194,M_5812_00021,,,,,,
TX_00000812,CARD_000593,M_5912_00117,,,,,,
TX_00000813,CARD_000593,M_5814_00056,,,,,,
TX_00000814,CARD_000593,M_5411_00058,,,,,,
TX_00000815,CARD_000593,M_5411_00058,,,,,,
TX_00000816,CARD_000377,M_5912_00086,,,,,,
TX_00000817,CARD_000133,M_5812_00146,,,,,,
TX_00000818,CARD_000377,M_5912_00086,,,,,,
TX_00000819,CARD_000377,M_5912_00086,,,,,,
TX_00000820,CARD_000377,M_5912_00086,,,,,,
TX_00000821,CARD_000377,M_5311_00052,,,,,,
TX_00000822,CARD_000463,M_5311_00104,,,,,,
TX_00000823,CARD_000342,M_5812_00021,,,,,,
TX_00000824,CARD_000342,M_5812_00021,,,,,,
TX_00000825,CARD_000342,M_5812_00021,,,,,,
TX_00000826,CARD_000165,M_5311_00006,,,,,,
TX_00000827,CARD_000342,M_5812_00021,,,,,,
TX_00000828,CARD_000342,M_5812_00021,,,,,,
TX_00000829,CARD_000367,M_5814_00066,,,,,,
TX_00000830,CARD_000687,M_5411_00036,,,,,,
TX_00000831,CARD_000186,M_5999_00142,,,,,,
TX_00000832,CARD_000687,M_5411_00015,,,,,,
TX_00000833,CARD_000037,M_5732_00082,SYN_US_SYNTHETIC_BUSTOUT,BOTNET_US_RES_COMCAST_02,MULE_US_BUSTOUT_WF_03,MULE_WELLS_CORP_00306,73.162.10.0/24,DEV_RES_CHROME_WIN_016
TX_00000834,CARD_000607,M_5944_00072,,,,,,
TX_00000835,CARD_000791,M_5411_00098,,,,,,
TX_00000836,CARD_000201,M_5812_00081,,,,,,
TX_00000837,CARD_000249,M_5311_00006,,,,,,
TX_00000838,CARD_000573,M_5814_00106,,,,,,
TX_00000839,CARD_000211,M_5812_00094,,,,,,
TX_00000840,CARD_000211,M_5812_00094,,,,,,
TX_00000841,CARD_000901,M_5411_00111,,,,,,
TX_00000842,CARD_000543,M_5912_00091,,,,,,
TX_00000843,CARD_000945,M_5411_00058,,,,,,
TX_00000844,CARD_000976,M_5541_00129,,,,,,
TX_00000845,CARD_000064,M_5311_00079,,,,,,
TX_00000846,CARD_000976,M_5541_00129,,,,,,
TX_00000847,CARD_000976,M_5541_00129,,,,,,
TX_00000848,CARD_000053,M_5814_00066,,,,,,
TX_00000849,CARD_000976,M_5541_00129,,,,,,
TX_00000850,CARD_000053,M_5814_00092,,,,,,
TX_00000851,CARD_000053,M_5814_00066,,,,,,
TX_00000852,CARD_000976,M_5541_00129,,,,,,
TX_00000853,CARD_000053,M_5814_00066,,,,,,
TX_00000854,CARD_000182,M_5912_00105,,,,,,
TX_00000855,CARD_000182,M_5912_00105,,,,,,
TX_00000856,CARD_000536,M_5999_00142,,,,,,
TX_00000857,CARD_000536,M_5812_00021,,,,,,
TX_00000858,CARD_000053,M_5411_00036,,,,,,
TX_00000859,CARD_000053,M_5812_00145,,,,,,
TX_00000860,CARD_000053,M_5411_00058,,,,,,
TX_00000861,CARD_000053,M_5311_00104,,,,,,
TX_00000862,CARD_000570,M_5812_00021,,,,,,
TX_00000863,CARD_000053,M_5812_00145,,,,,,
TX_00000864,CARD_000053,M_5812_00021,,,,,,
TX_00000865,CARD_000053,M_5812_00145,,,,,,
TX_00000866,CARD_000053,M_5812_00145,,,,,,
TX_00000867,CARD_000053,M_5814_00106,,,,,,
TX_00000868,CARD_000053,M_5812_00145,,,,,,
TX_00000869,CARD_000053,M_5812_00021,,,,,,
TX_00000870,CARD_000224,M_5411_00074,,,,,,
TX_00000871,CARD_000053,M_5812_00145,,,,,,
TX_00000872,CARD_000224,M_5944_00002,,,,,,
TX_00000873,CARD_000053,M_5541_00132,,,,,,
TX_00000874,CARD_000224,M_5912_00048,,,,,,
TX_00000875,CARD_000053,M_5541_00132,,,,,,
TX_00000876,CARD_000224,M_5411_00015,,,,,,
TX_00000877,CARD_000224,M_5912_00048,,,,,,
TX_00000878,CARD_000053,M_5541_00132,,,,,,
TX_00000879,CARD_000224,M_5999_00142,,,,,,
TX_00000880,CARD_000224,M_5812_00021,,,,,,
TX_00000881,CARD_000224,M_5912_00048,,,,,,
TX_00000882,CARD_000053,M_5541_00132,,,,,,
TX_00000883,CARD_000224,M_5912_00048,,,,,,
TX_00000884,CARD_000053,M_5812_00021,,,,,,
TX_00000885,CARD_000053,M_5311_00104,,,,,,
TX_00000886,CARD_000053,M_5411_00058,,,,,,
TX_00000887,CARD_000224,M_5311_00006,,,,,,
TX_00000888,CARD_000812,M_5411_00108,,,,,,
TX_00000889,CARD_000224,M_5812_00021,,,,,,
TX_00000890,CARD_000226,M_5812_00021,,,,,,
TX_00000891,CARD_000224,M_5812_00021,,,,,,
TX_00000892,CARD_000814,M_5812_00021,,,,,,
TX_00000893,CARD_000464,M_5812_00021,,,,,,
TX_00000894,CARD_000237,M_5542_00053,,,,,,
TX_00000895,CARD_000237,M_5912_00048,,,,,,
TX_00000896,CARD_000980,M_5311_00024,,,,,,
TX_00000897,CARD_000483,M_5814_00066,,,,,,
TX_00000898,CARD_000483,M_5411_00097,,,,,,
TX_00000899,CARD_000483,M_5411_00015,,,,,,
TX_00000900,CARD_000483,M_5311_00052,,,,,,
TX_00000901,CARD_000483,M_5541_00113,,,,,,
TX_00000902,CARD_000483,M_5411_00111,,,,,,
TX_00000903,CARD_000483,M_4816_00100,,,,,,
TX_00000904,CARD_000701,M_5812_00046,,,,,,
TX_00000905,CARD_000962,M_5411_00098,,,,,,
TX_00000906,CARD_000635,M_5311_00007,,,,,,
TX_00000907,CARD_000488,M_5812_00021,,,,,,
TX_00000908,CARD_000226,M_5411_00015,,,,,,
TX_00000909,CARD_000226,M_5812_00021,,,,,,
TX_00000910,CARD_000453,M_5999_00142,,,,,,
TX_00000911,CARD_000453,M_5999_00142,,,,,,
TX_00000912,CARD_000715,M_5812_00021,SYN_US_CARDING_BOT,BOTNET_US_CHECKER_01,MULE_US_SMURF_CHASE_01,MULE_CHASE_00104,198.54.130.0/24,DEV_CHECKER_BOT_017
TX_00000913,CARD_000631,M_5999_00142,,,,,,
TX_00000914,CARD_000631,M_5542_00053,,,,,,
TX_00000915,CARD_000631,M_5542_00053,,,,,,
TX_00000916,CARD_000631,M_6513_00022,,,,,,
TX_00000917,CARD_000631,M_5812_00021,,,,,,
TX_00000918,CARD_000631,M_5542_00053,,,,,,
TX_00000919,CARD_000631,M_5732_00045,,,,,,
TX_00000920,CARD_000631,M_5542_00053,,,,,,
TX_00000921,CARD_000631,M_5542_00053,,,,,,
TX_00000922,CARD_000037,M_5812_00021,SYN_US_ATO_SYNDICATE,BOTNET_US_RES_ATT_03,MULE_US_SMURF_CHASE_01,MULE_CHASE_00108,108.204.45.0/24,DEV_RES_EDGE_WIN_016
TX_00000923,CARD_000631,M_5542_00053,,,,,,
TX_00000924,CARD_000631,M_5542_00053,,,,,,
TX_00000925,CARD_000752,M_5812_00021,,,,,,
TX_00000926,CARD_000985,M_5812_00076,,,,,,
TX_00000927,CARD_000857,M_5541_00132,,,,,,
TX_00000928,CARD_000677,M_5999_00142,,,,,,
TX_00000929,CARD_000677,M_5411_00050,,,,,,
TX_00000930,CARD_000849,M_5999_00142,,,,,,
TX_00000931,CARD_000849,M_5999_00142,,,,,,
TX_00000932,CARD_000677,M_5411_00050,,,,,,
TX_00000933,CARD_000677,M_5912_00117,,,,,,
TX_00000934,CARD_000677,M_5411_00070,,,,,,
TX_00000935,CARD_000677,M_5411_00135,,,,,,
TX_00000936,CARD_000849,M_6051_00023,,,,,,
TX_00000937,CARD_000677,M_5411_00135,,,,,,
TX_00000938,CARD_000849,M_5812_00021,,,,,,
TX_00000939,CARD_000677,M_6051_00023,,,,,,
TX_00000940,CARD_000849,M_4816_00011,,,,,,
TX_00000941,CARD_000132,M_5411_00051,,,,,,
TX_00000942,CARD_000677,M_5812_00021,,,,,,
TX_00000943,CARD_000132,M_5814_00066,,,,,,
TX_00000944,CARD_000132,M_5814_00066,,,,,,
TX_00000945,CARD_000132,M_5814_00066,,,,,,
TX_00000946,CARD_000132,M_5812_00093,,,,,,
TX_00000947,CARD_000136,M_5812_00032,,,,,,
TX_00000948,CARD_000819,M_5812_00021,,,,,,
TX_00000949,CARD_000136,M_5812_00032,,,,,,
TX_00000950,CARD_000819,M_5812_00021,,,,,,
TX_00000951,CARD_000819,M_5812_00021,,,,,,
TX_00000952,CARD_000251,M_5411_00139,,,,,,
TX_00000953,CARD_000136,M_5812_00032,,,,,,
TX_00000954,CARD_000819,M_5812_00021,,,,,,
TX_00000955,CARD_000136,M_5999_00142,,,,,,
TX_00000956,CARD_000275,M_5812_00021,,,,,,
TX_00000957,CARD_000136,M_5311_00116,,,,,,
TX_00000958,CARD_000819,M_5311_00052,,,,,,
TX_00000959,CARD_000819,M_5311_00052,,,,,,
TX_00000960,CARD_000819,M_5411_00068,,,,,,
TX_00000961,CARD_000043,M_5999_00142,,,,,,
TX_00000962,CARD_000819,M_5311_00052,,,,,,
TX_00000963,CARD_000043,M_5999_00142,,,,,,
TX_00000964,CARD_000043,M_5814_00066,,,,,,
TX_00000965,CARD_000043,M_5541_00113,,,,,,
TX_00000966,CARD_000627,M_5812_00021,,,,,,
TX_00000967,CARD_000592,M_5812_00021,,,,,,
TX_00000968,CARD_000184,M_5812_00021,,,,,,
TX_00000969,CARD_000184,M_5999_00142,,,,,,
TX_00000970,CARD_000184,M_5814_00066,,,,,,
TX_00000971,CARD_000184,M_5812_00021,,,,,,
TX_00000972,CARD_000428,M_5812_00123,,,,,,
TX_00000973,CARD_000428,M_5812_00123,,,,,,
TX_00000974,CARD_000428,M_5812_00021,,,,,,
TX_00000975,CARD_000662,M_5541_00113,,,,,,
TX_00000976,CARD_000662,M_5541_00113,,,,,,
TX_00000977,CARD_000523,M_5812_00021,,,,,,
TX_00000978,CARD_000523,M_5812_00102,,,,,,
TX_00000979,CARD_000523,M_5812_00102,,,,,,
TX_00000980,CARD_000989,M_5999_00142,,,,,,
TX_00000981,CARD_000989,M_5812_00021,,,,,,
TX_00000982,CARD_000523,M_5812_00102,,,,,,
TX_00000983,CARD_000523,M_5814_00089,,,,,,
TX_00000984,CARD_000523,M_5812_00102,,,,,,
TX_00000985,CARD_000523,M_5732_00018,,,,,,
TX_00000986,CARD_000523,M_5411_00068,,,,,,
TX_00000987,CARD_000681,M_5542_00121,,,,,,
TX_00000988,CARD_000681,M_5542_00121,,,,,,
TX_00000989,CARD_000681,M_5814_00066,,,,,,
TX_00000990,CARD_000681,M_5542_00121,,,,,,
TX_00000991,CARD_000165,M_5411_00038,,,,,,
TX_00000992,CARD_000702,M_5094_00041,,,,,,
TX_00000993,CARD_000702,M_5812_00021,,,,,,
TX_00000994,CARD_000702,M_5812_00021,,,,,,
TX_00000995,CARD_000587,M_5311_00116,,,,,,
TX_00000996,CARD_000702,M_5812_00021,,,,,,
TX_00000997,CARD_000702,M_5812_00021,,,,,,
TX_00000998,CARD_000587,M_5812_00021,,,,,,
TX_00000999,CARD_000702,M_5999_00136,,,,,,
