transaction_id,card_id,amount,currency,is_fraud,scenario_tag,dispute_status,dispute_reason_code,ce3_qualified,arbitration_fee_usd,rbi_liability_tier,rbi_provisional_credit_mandate_days,cfcfrms_1930_lien_status
TX_00000000,CARD_000126,144.55,USD,0,ORGANIC_NORMAL,NONE,,False,0.0,,0,NO_LIEN
TX_00000001,CARD_000126,70.63,USD,0,ORGANIC_NORMAL,NONE,,False,0.0,,0,NO_LIEN
TX_00000002,CARD_000401,59.21,USD,0,ORGANIC_NORMAL,NONE,,False,0.0,,0,NO_LIEN
TX_00000003,CARD_000401,16.28,USD,0,ORGANIC_NORMAL,NONE,,False,0.0,,0,NO_LIEN
TX_00000004,CARD_000401,46.63,USD,0,ORGANIC_NORMAL,NONE,,False,0.0,,0,NO_LIEN
TX_00000005,CARD_000401,84.09,USD,0,ORGANIC_NORMAL,NONE,,False,0.0,,0,NO_LIEN
TX_00000006,CARD_000401,52.57,USD,0,ORGANIC_NORMAL,NONE,,False,0.0,,0,NO_LIEN
TX_00000007,CARD_000401,9.65,USD,0,ORGANIC_NORMAL,NONE,,False,0.0,,0,NO_LIEN
TX_00000008,CARD_000493,6.75,USD,0,ORGANIC_NORMAL,NONE,,False,0.0,,0,NO_LIEN
TX_00000009,CARD_000493,28.2,USD,0,ORGANIC_NORMAL,NONE,,False,0.0,,0,NO_LIEN
TX_00000010,CARD_000690,28.97,USD,0,ORGANIC_NORMAL,NONE,,False,0.0,,0,NO_LIEN
TX_00000011,CARD_000690,22.7,USD,0,ORGANIC_NORMAL,NONE,,False,0.0,,0,NO_LIEN
TX_00000012,CARD_000493,16.69,USD,0,ORGANIC_NORMAL,NONE,,False,0.0,,0,NO_LIEN
TX_00000013,CARD_000493,864.45,USD,0,HARD_NEGATIVE_EMERGENCY,NONE,,False,0.0,,0,NO_LIEN
TX_00000014,CARD_000690,9.82,USD,0,ORGANIC_NORMAL,NONE,,False,0.0,,0,NO_LIEN
TX_00000015,CARD_000690,27.66,USD,0,ORGANIC_NORMAL,NONE,,False,0.0,,0,NO_LIEN
TX_00000016,CARD_000493,19.28,USD,0,ORGANIC_NORMAL,NONE,,False,0.0,,0,NO_LIEN
TX_00000017,CARD_000148,1.94,USD,1,INTENT_OMEGA_PROBE,FIRST_CHARGEBACK,10.4,False,0.0,,0,NO_LIEN
TX_00000018,CARD_000690,32.64,USD,0,ORGANIC_NORMAL,NONE,,False,0.0,,0,NO_LIEN
TX_00000019,CARD_000690,40.79,USD,0,ORGANIC_NORMAL,NONE,,False,0.0,,0,NO_LIEN
TX_00000020,CARD_000493,22.64,USD,0,ORGANIC_NORMAL,NONE,,False,0.0,,0,NO_LIEN
TX_00000021,CARD_000493,22.81,USD,0,ORGANIC_NORMAL,NONE,,False,0.0,,0,NO_LIEN
TX_00000022,CARD_000493,8.37,USD,0,ORGANIC_NORMAL,NONE,,False,0.0,,0,NO_LIEN
TX_00000023,CARD_000690,33.1,USD,0,ORGANIC_NORMAL,NONE,,False,0.0,,0,NO_LIEN
TX_00000024,CARD_000690,23.64,USD,0,ORGANIC_NORMAL,NONE,,False,0.0,,0,NO_LIEN
TX_00000025,CARD_000153,88.22,USD,0,ORGANIC_NORMAL,NONE,,False,0.0,,0,NO_LIEN
TX_00000026,CARD_000153,71.01,USD,0,ORGANIC_NORMAL,NONE,,False,0.0,,0,NO_LIEN
TX_00000027,CARD_000153,14.65,USD,0,ORGANIC_NORMAL,NONE,,False,0.0,,0,NO_LIEN
TX_00000028,CARD_000933,17.81,USD,0,ORGANIC_NORMAL,NONE,,False,0.0,,0,NO_LIEN
TX_00000029,CARD_000933,23.27,USD,0,ORGANIC_NORMAL,NONE,,False,0.0,,0,NO_LIEN
TX_00000030,CARD_000153,22.76,USD,0,ORGANIC_NORMAL,NONE,,False,0.0,,0,NO_LIEN
TX_00000031,CARD_000933,15.45,USD,0,ORGANIC_NORMAL,NONE,,False,0.0,,0,NO_LIEN
TX_00000032,CARD_000153,51.83,USD,0,ORGANIC_NORMAL,NONE,,False,0.0,,0,NO_LIEN
TX_00000033,CARD_000933,21.5,USD,0,ORGANIC_NORMAL,NONE,,False,0.0,,0,NO_LIEN
TX_00000034,CARD_000933,7.77,USD,0,ORGANIC_NORMAL,NONE,,False,0.0,,0,NO_LIEN
TX_00000035,CARD_000933,68.47,USD,0,ORGANIC_NORMAL,NONE,,False,0.0,,0,NO_LIEN
TX_00000036,CARD_000933,19.92,USD,0,ORGANIC_NORMAL,NONE,,False,0.0,,0,NO_LIEN
TX_00000037,CARD_000933,1.37,USD,0,ORGANIC_NORMAL,NONE,,False,0.0,,0,NO_LIEN
TX_00000038,CARD_000054,30.28,USD,0,ORGANIC_NORMAL,NONE,,False,0.0,,0,NO_LIEN
TX_00000039,CARD_000054,23.82,USD,0,ORGANIC_NORMAL,NONE,,False,0.0,,0,NO_LIEN
TX_00000040,CARD_000054,47.3,USD,0,ORGANIC_NORMAL,NONE,,False,0.0,,0,NO_LIEN
TX_00000041,CARD_000054,21.89,USD,0,ORGANIC_NORMAL,NONE,,False,0.0,,0,NO_LIEN
TX_00000042,CARD_000054,23.39,USD,0,ORGANIC_NORMAL,NONE,,False,0.0,,0,NO_LIEN
TX_00000043,CARD_000054,65.09,USD,0,ORGANIC_NORMAL,NONE,,False,0.0,,0,NO_LIEN
TX_00000044,CARD_000054,24.77,USD,0,ORGANIC_NORMAL,NONE,,False,0.0,,0,NO_LIEN
TX_00000045,CARD_000054,16.9,USD,0,ORGANIC_NORMAL,NONE,,False,0.0,,0,NO_LIEN
TX_00000046,CARD_000054,38.96,USD,0,ORGANIC_NORMAL,NONE,,False,0.0,,0,NO_LIEN
TX_00000047,CARD_000175,21.68,USD,0,ORGANIC_NORMAL,NONE,,False,0.0,,0,NO_LIEN
TX_00000048,CARD_000175,23.21,USD,0,ORGANIC_NORMAL,NONE,,False,0.0,,0,NO_LIEN
TX_00000049,CARD_000367,59.11,USD,0,ORGANIC_NORMAL,NONE,,False,0.0,,0,NO_LIEN
TX_00000050,CARD_000175,15.01,USD,0,ORGANIC_NORMAL,NONE,,False,0.0,,0,NO_LIEN
TX_00000051,CARD_000367,98.2,USD,0,ORGANIC_NORMAL,NONE,,False,0.0,,0,NO_LIEN
TX_00000052,CARD_000175,106.78,USD,0,ORGANIC_NORMAL,NONE,,False,0.0,,0,NO_LIEN
TX_00000053,CARD_000054,11.01,USD,0,ORGANIC_NORMAL,NONE,,False,0.0,,0,NO_LIEN
TX_00000054,CARD_000367,50.79,USD,0,ORGANIC_NORMAL,NONE,,False,0.0,,0,NO_LIEN
TX_00000055,CARD_000054,17.57,USD,0,ORGANIC_NORMAL,NONE,,False,0.0,,0,NO_LIEN
TX_00000056,CARD_000175,47.08,USD,0,ORGANIC_NORMAL,NONE,,False,0.0,,0,NO_LIEN
TX_00000057,CARD_000367,65.97,USD,0,ORGANIC_NORMAL,NONE,,False,0.0,,0,NO_LIEN
TX_00000058,CARD_000367,37.46,USD,0,ORGANIC_NORMAL,NONE,,False,0.0,,0,NO_LIEN
TX_00000059,CARD_000367,12.52,USD,0,ORGANIC_NORMAL,NONE,,False,0.0,,0,NO_LIEN
TX_00000060,CARD_000083,18.81,USD,0,ORGANIC_NORMAL,NONE,,False,0.0,,0,NO_LIEN
TX_00000061,CARD_000367,34.16,USD,0,ORGANIC_NORMAL,NONE,,False,0.0,,0,NO_LIEN
TX_00000062,CARD_000367,23.59,USD,0,ORGANIC_NORMAL,NONE,,False,0.0,,0,NO_LIEN
TX_00000063,CARD_000367,38.74,USD,0,ORGANIC_NORMAL,NONE,,False,0.0,,0,NO_LIEN
TX_00000064,CARD_000367,28.22,USD,0,ORGANIC_NORMAL,NONE,,False,0.0,,0,NO_LIEN
TX_00000065,CARD_000367,30.89,USD,0,ORGANIC_NORMAL,NONE,,False,0.0,,0,NO_LIEN
TX_00000066,CARD_000367,44.13,USD,0,ORGANIC_NORMAL,NONE,,False,0.0,,0,NO_LIEN
TX_00000067,CARD_000367,42.26,USD,0,ORGANIC_NORMAL,NONE,,False,0.0,,0,NO_LIEN
TX_00000068,CARD_000367,352.55,USD,0,ORGANIC_NORMAL,NONE,,False,0.0,,0,NO_LIEN
TX_00000069,CARD_000367,139.86,USD,0,ORGANIC_NORMAL,NONE,,False,0.0,,0,NO_LIEN
TX_00000070,CARD_000367,51.76,USD,0,ORGANIC_NORMAL,NONE,,False,0.0,,0,NO_LIEN
TX_00000071,CARD_000367,224.24,USD,0,ORGANIC_NORMAL,NONE,,False,0.0,,0,NO_LIEN
TX_00000072,CARD_000588,84.33,USD,0,ORGANIC_NORMAL,NONE,,False,0.0,,0,NO_LIEN
TX_00000073,CARD_000588,31.81,USD,0,ORGANIC_NORMAL,NONE,,False,0.0,,0,NO_LIEN
TX_00000074,CARD_000367,118.17,USD,0,ORGANIC_NORMAL,NONE,,False,0.0,,0,NO_LIEN
TX_00000075,CARD_000588,10.19,USD,0,ORGANIC_NORMAL,NONE,,False,0.0,,0,NO_LIEN
TX_00000076,CARD_000588,75.84,USD,0,ORGANIC_NORMAL,NONE,,False,0.0,,0,NO_LIEN
TX_00000077,CARD_000367,6.74,USD,0,ORGANIC_NORMAL,NONE,,False,0.0,,0,NO_LIEN
TX_00000078,CARD_000588,37.18,USD,0,ORGANIC_NORMAL,NONE,,False,0.0,,0,NO_LIEN
TX_00000079,CARD_000004,33.94,USD,0,ORGANIC_NORMAL,NONE,,False,0.0,,0,NO_LIEN
TX_00000080,CARD_000098,40.75,USD,0,ORGANIC_NORMAL,NONE,,False,0.0,,0,NO_LIEN
TX_00000081,CARD_000098,19.46,USD,0,ORGANIC_NORMAL,NONE,,False,0.0,,0,NO_LIEN
TX_00000082,CARD_000069,32.79,USD,0,ORGANIC_NORMAL,NONE,,False,0.0,,0,NO_LIEN
TX_00000083,CARD_000069,111.57,USD,0,ORGANIC_NORMAL,NONE,,False,0.0,,0,NO_LIEN
TX_00000084,CARD_000742,30.43,USD,0,ORGANIC_NORMAL,NONE,,False,0.0,,0,NO_LIEN
TX_00000085,CARD_000710,91.98,USD,0,ORGANIC_NORMAL,NONE,,False,0.0,,0,NO_LIEN
TX_00000086,CARD_000204,59.01,USD,0,ORGANIC_NORMAL,NONE,,False,0.0,,0,NO_LIEN
TX_00000087,CARD_000714,3.59,USD,0,ORGANIC_NORMAL,NONE,,False,0.0,,0,NO_LIEN
TX_00000088,CARD_000440,9.69,USD,0,ORGANIC_NORMAL,NONE,,False,0.0,,0,NO_LIEN
TX_00000089,CARD_000714,8.46,USD,0,ORGANIC_NORMAL,NONE,,False,0.0,,0,NO_LIEN
TX_00000090,CARD_000440,12.38,USD,0,ORGANIC_NORMAL,NONE,,False,0.0,,0,NO_LIEN
TX_00000091,CARD_000714,271.7,USD,0,ORGANIC_NORMAL,NONE,,False,0.0,,0,NO_LIEN
TX_00000092,CARD_000714,434.25,USD,0,ORGANIC_NORMAL,NONE,,False,0.0,,0,NO_LIEN
TX_00000093,CARD_000714,574.55,USD,0,HARD_NEGATIVE_TRAVEL,NONE,,False,0.0,,0,NO_LIEN
TX_00000094,CARD_000714,364.1,USD,0,HARD_NEGATIVE_TRAVEL,NONE,,False,0.0,,0,NO_LIEN
TX_00000095,CARD_000714,190.39,USD,0,HARD_NEGATIVE_TRAVEL,NONE,,False,0.0,,0,NO_LIEN
TX_00000096,CARD_000714,634.41,USD,0,HARD_NEGATIVE_TRAVEL,NONE,,False,0.0,,0,NO_LIEN
TX_00000097,CARD_000806,1.54,USD,0,ORGANIC_NORMAL,NONE,,False,0.0,,0,NO_LIEN
TX_00000098,CARD_000806,6.88,USD,0,ORGANIC_NORMAL,NONE,,False,0.0,,0,NO_LIEN
TX_00000099,CARD_000806,33.92,USD,0,ORGANIC_NORMAL,NONE,,False,0.0,,0,NO_LIEN
TX_00000100,CARD_000806,33.05,USD,0,ORGANIC_NORMAL,NONE,,False,0.0,,0,NO_LIEN
TX_00000101,CARD_000806,48.25,USD,0,ORGANIC_NORMAL,NONE,,False,0.0,,0,NO_LIEN
TX_00000102,CARD_000806,20.11,USD,0,ORGANIC_NORMAL,NONE,,False,0.0,,0,NO_LIEN
TX_00000103,CARD_000116,19.2,USD,0,ORGANIC_NORMAL,NONE,,False,0.0,,0,NO_LIEN
TX_00000104,CARD_000116,54.73,USD,0,ORGANIC_NORMAL,NONE,,False,0.0,,0,NO_LIEN
TX_00000105,CARD_000116,20.77,USD,0,ORGANIC_NORMAL,NONE,,False,0.0,,0,NO_LIEN
TX_00000106,CARD_000116,20.82,USD,0,ORGANIC_NORMAL,NONE,,False,0.0,,0,NO_LIEN
TX_00000107,CARD_000116,55.16,USD,0,ORGANIC_NORMAL,NONE,,False,0.0,,0,NO_LIEN
TX_00000108,CARD_000116,29.31,USD,0,ORGANIC_NORMAL,NONE,,False,0.0,,0,NO_LIEN
TX_00000109,CARD_000116,17.79,USD,0,ORGANIC_NORMAL,NONE,,False,0.0,,0,NO_LIEN
TX_00000110,CARD_000116,9.75,USD,0,ORGANIC_NORMAL,NONE,,False,0.0,,0,NO_LIEN
TX_00000111,CARD_000116,17.54,USD,0,ORGANIC_NORMAL,NONE,,False,0.0,,0,NO_LIEN
TX_00000112,CARD_000116,31.61,USD,0,ORGANIC_NORMAL,NONE,,False,0.0,,0,NO_LIEN
TX_00000113,CARD_000116,15.8,USD,0,ORGANIC_NORMAL,NONE,,False,0.0,,0,NO_LIEN
TX_00000114,CARD_000116,219.64,USD,0,HARD_NEGATIVE_TRAVEL,NONE,,False,0.0,,0,NO_LIEN
TX_00000115,CARD_000677,138.2,USD,0,ORGANIC_NORMAL,NONE,,False,0.0,,0,NO_LIEN
TX_00000116,CARD_000677,56.37,USD,0,ORGANIC_NORMAL,NONE,,False,0.0,,0,NO_LIEN
TX_00000117,CARD_000019,250.0,USD,0,ORGANIC_NORMAL,NONE,,False,0.0,,0,NO_LIEN
TX_00000118,CARD_000019,105.01,USD,0,ORGANIC_NORMAL,NONE,,False,0.0,,0,NO_LIEN
TX_00000119,CARD_000019,175.48,USD,0,ORGANIC_NORMAL,NONE,,False,0.0,,0,NO_LIEN
TX_00000120,CARD_000019,20.84,USD,0,ORGANIC_NORMAL,NONE,,False,0.0,,0,NO_LIEN
TX_00000121,CARD_000019,84.82,USD,0,ORGANIC_NORMAL,NONE,,False,0.0,,0,NO_LIEN
TX_00000122,CARD_000019,37.79,USD,0,ORGANIC_NORMAL,NONE,,False,0.0,,0,NO_LIEN
TX_00000123,CARD_000019,25.94,USD,0,ORGANIC_NORMAL,NONE,,False,0.0,,0,NO_LIEN
TX_00000124,CARD_000019,747.58,USD,0,HARD_NEGATIVE_EMERGENCY,NONE,,False,0.0,,0,NO_LIEN
TX_00000125,CARD_000641,45.0,USD,0,ORGANIC_NORMAL,NONE,,False,0.0,,0,NO_LIEN
TX_00000126,CARD_000420,68.02,USD,0,ORGANIC_NORMAL,NONE,,False,0.0,,0,NO_LIEN
TX_00000127,CARD_000420,36.71,USD,0,ORGANIC_NORMAL,NONE,,False,0.0,,0,NO_LIEN
TX_00000128,CARD_000115,36.54,USD,0,ORGANIC_NORMAL,NONE,,False,0.0,,0,NO_LIEN
TX_00000129,CARD_000115,487.9,USD,0,ORGANIC_NORMAL,NONE,,False,0.0,,0,NO_LIEN
TX_00000130,CARD_000020,74.55,USD,0,ORGANIC_NORMAL,NONE,,False,0.0,,0,NO_LIEN
TX_00000131,CARD_000020,473.4,USD,0,ORGANIC_NORMAL,NONE,,False,0.0,,0,NO_LIEN
TX_00000132,CARD_000716,24.32,USD,0,ORGANIC_NORMAL,NONE,,False,0.0,,0,NO_LIEN
TX_00000133,CARD_000716,27.48,USD,0,ORGANIC_NORMAL,NONE,,False,0.0,,0,NO_LIEN
TX_00000134,CARD_000004,53.34,USD,0,ORGANIC_NORMAL,NONE,,False,0.0,,0,NO_LIEN
TX_00000135,CARD_000004,8.22,USD,0,ORGANIC_NORMAL,NONE,,False,0.0,,0,NO_LIEN
TX_00000136,CARD_000503,47.56,USD,0,ORGANIC_NORMAL,NONE,,False,0.0,,0,NO_LIEN
TX_00000137,CARD_000503,25.99,USD,0,ORGANIC_NORMAL,NONE,,False,0.0,,0,NO_LIEN
TX_00000138,CARD_000503,1.14,USD,0,ORGANIC_NORMAL,NONE,,False,0.0,,0,NO_LIEN
TX_00000139,CARD_000265,15.74,USD,1,INTENT_OMEGA_PROBE,FIRST_CHARGEBACK,10.4,False,0.0,,0,NO_LIEN
TX_00000140,CARD_000875,646.07,USD,0,ORGANIC_NORMAL,NONE,,False,0.0,,0,NO_LIEN
TX_00000141,CARD_000102,209.42,USD,0,ORGANIC_NORMAL,NONE,,False,0.0,,0,NO_LIEN
TX_00000142,CARD_000102,1.82,USD,0,ORGANIC_NORMAL,NONE,,False,0.0,,0,NO_LIEN
TX_00000143,CARD_000102,23.66,USD,0,ORGANIC_NORMAL,NONE,,False,0.0,,0,NO_LIEN
TX_00000144,CARD_000173,118.99,USD,0,ORGANIC_NORMAL,NONE,,False,0.0,,0,NO_LIEN
TX_00000145,CARD_000102,60.85,USD,0,ORGANIC_NORMAL,NONE,,False,0.0,,0,NO_LIEN
TX_00000146,CARD_000102,285.39,USD,0,ORGANIC_NORMAL,NONE,,False,0.0,,0,NO_LIEN
TX_00000147,CARD_000102,40.24,USD,0,ORGANIC_NORMAL,NONE,,False,0.0,,0,NO_LIEN
TX_00000148,CARD_000102,17.71,USD,0,ORGANIC_NORMAL,NONE,,False,0.0,,0,NO_LIEN
TX_00000149,CARD_000102,119.37,USD,0,ORGANIC_NORMAL,NONE,,False,0.0,,0,NO_LIEN
TX_00000150,CARD_000102,321.65,USD,0,ORGANIC_NORMAL,NONE,,False,0.0,,0,NO_LIEN
TX_00000151,CARD_000102,55.91,USD,0,ORGANIC_NORMAL,NONE,,False,0.0,,0,NO_LIEN
TX_00000152,CARD_000193,225.77,USD,0,ORGANIC_NORMAL,NONE,,False,0.0,,0,NO_LIEN
TX_00000153,CARD_000433,90.59,USD,0,ORGANIC_NORMAL,NONE,,False,0.0,,0,NO_LIEN
TX_00000154,CARD_000193,19.97,USD,0,ORGANIC_NORMAL,NONE,,False,0.0,,0,NO_LIEN
TX_00000155,CARD_000433,62.26,USD,0,ORGANIC_NORMAL,NONE,,False,0.0,,0,NO_LIEN
TX_00000156,CARD_000433,70.8,USD,0,ORGANIC_NORMAL,NONE,,False,0.0,,0,NO_LIEN
TX_00000157,CARD_000433,57.69,USD,0,ORGANIC_NORMAL,NONE,,False,0.0,,0,NO_LIEN
TX_00000158,CARD_000433,67.93,USD,0,ORGANIC_NORMAL,NONE,,False,0.0,,0,NO_LIEN
TX_00000159,CARD_000433,62.85,USD,0,ORGANIC_NORMAL,NONE,,False,0.0,,0,NO_LIEN
TX_00000160,CARD_000433,35.81,USD,0,ORGANIC_NORMAL,NONE,,False,0.0,,0,NO_LIEN
TX_00000161,CARD_000938,19.97,USD,0,ORGANIC_NORMAL,NONE,,False,0.0,,0,NO_LIEN
TX_00000162,CARD_000938,25.93,USD,0,ORGANIC_NORMAL,NONE,,False,0.0,,0,NO_LIEN
TX_00000163,CARD_000433,127.02,USD,0,ORGANIC_NORMAL,NONE,,False,0.0,,0,NO_LIEN
TX_00000164,CARD_000938,53.31,USD,0,ORGANIC_NORMAL,NONE,,False,0.0,,0,NO_LIEN
TX_00000165,CARD_000938,12.92,USD,0,ORGANIC_NORMAL,NONE,,False,0.0,,0,NO_LIEN
TX_00000166,CARD_000938,129.15,USD,0,ORGANIC_NORMAL,NONE,,False,0.0,,0,NO_LIEN
TX_00000167,CARD_000938,861.1,USD,0,HARD_NEGATIVE_RELOCATION,NONE,,False,0.0,,0,NO_LIEN
TX_00000168,CARD_000433,59.84,USD,0,ORGANIC_NORMAL,NONE,,False,0.0,,0,NO_LIEN
TX_00000169,CARD_000938,803.85,USD,0,HARD_NEGATIVE_RELOCATION,NONE,,False,0.0,,0,NO_LIEN
TX_00000170,CARD_000748,62.53,USD,0,ORGANIC_NORMAL,NONE,,False,0.0,,0,NO_LIEN
TX_00000171,CARD_000748,57.9,USD,0,ORGANIC_NORMAL,NONE,,False,0.0,,0,NO_LIEN
TX_00000172,CARD_000950,56.04,USD,0,ORGANIC_NORMAL,NONE,,False,0.0,,0,NO_LIEN
TX_00000173,CARD_000950,13.45,USD,0,ORGANIC_NORMAL,NONE,,False,0.0,,0,NO_LIEN
TX_00000174,CARD_000950,102.76,USD,0,ORGANIC_NORMAL,NONE,,False,0.0,,0,NO_LIEN
TX_00000175,CARD_000008,117.69,USD,0,ORGANIC_NORMAL,NONE,,False,0.0,,0,NO_LIEN
TX_00000176,CARD_000799,14.14,USD,0,ORGANIC_NORMAL,NONE,,False,0.0,,0,NO_LIEN
TX_00000177,CARD_000348,25.42,USD,0,ORGANIC_NORMAL,NONE,,False,0.0,,0,NO_LIEN
TX_00000178,CARD_000348,13.22,USD,0,ORGANIC_NORMAL,NONE,,False,0.0,,0,NO_LIEN
TX_00000179,CARD_000348,12.22,USD,0,ORGANIC_NORMAL,NONE,,False,0.0,,0,NO_LIEN
TX_00000180,CARD_000415,321.11,USD,0,ORGANIC_NORMAL,NONE,,False,0.0,,0,NO_LIEN
TX_00000181,CARD_000199,14.13,USD,0,ORGANIC_NORMAL,NONE,,False,0.0,,0,NO_LIEN
TX_00000182,CARD_000199,10.24,USD,0,ORGANIC_NORMAL,NONE,,False,0.0,,0,NO_LIEN
TX_00000183,CARD_000199,13.72,USD,0,ORGANIC_NORMAL,NONE,,False,0.0,,0,NO_LIEN
TX_00000184,CARD_000199,32.8,USD,0,ORGANIC_NORMAL,NONE,,False,0.0,,0,NO_LIEN
TX_00000185,CARD_000199,25.46,USD,0,ORGANIC_NORMAL,NONE,,False,0.0,,0,NO_LIEN
TX_00000186,CARD_000199,11.79,USD,0,ORGANIC_NORMAL,NONE,,False,0.0,,0,NO_LIEN
TX_00000187,CARD_000199,8.26,USD,0,ORGANIC_NORMAL,NONE,,False,0.0,,0,NO_LIEN
TX_00000188,CARD_000392,1000.34,USD,0,HARD_NEGATIVE_RELOCATION,NONE,,False,0.0,,0,NO_LIEN
TX_00000189,CARD_000199,9.84,USD,0,ORGANIC_NORMAL,NONE,,False,0.0,,0,NO_LIEN
TX_00000190,CARD_000392,851.25,USD,0,HARD_NEGATIVE_RELOCATION,NONE,,False,0.0,,0,NO_LIEN
TX_00000191,CARD_000392,1269.1,USD,0,HARD_NEGATIVE_RELOCATION,NONE,,False,0.0,,0,NO_LIEN
TX_00000192,CARD_000199,18.65,USD,0,ORGANIC_NORMAL,NONE,,False,0.0,,0,NO_LIEN
TX_00000193,CARD_000864,54.63,USD,0,ORGANIC_NORMAL,NONE,,False,0.0,,0,NO_LIEN
TX_00000194,CARD_000864,42.13,USD,0,ORGANIC_NORMAL,NONE,,False,0.0,,0,NO_LIEN
TX_00000195,CARD_000864,43.93,USD,0,ORGANIC_NORMAL,NONE,,False,0.0,,0,NO_LIEN
TX_00000196,CARD_000864,32.01,USD,0,ORGANIC_NORMAL,NONE,,False,0.0,,0,NO_LIEN
TX_00000197,CARD_000159,27.64,USD,0,ORGANIC_NORMAL,NONE,,False,0.0,,0,NO_LIEN
TX_00000198,CARD_000159,48.9,USD,0,ORGANIC_NORMAL,NONE,,False,0.0,,0,NO_LIEN
TX_00000199,CARD_000159,15.51,USD,0,ORGANIC_NORMAL,NONE,,False,0.0,,0,NO_LIEN
TX_00000200,CARD_000159,86.74,USD,0,ORGANIC_NORMAL,NONE,,False,0.0,,0,NO_LIEN
TX_00000201,CARD_000159,39.36,USD,0,ORGANIC_NORMAL,NONE,,False,0.0,,0,NO_LIEN
TX_00000202,CARD_000797,11.61,USD,1,INTENT_OMEGA_PROBE,NONE,,False,0.0,,0,NO_LIEN
TX_00000203,CARD_000636,36.36,USD,0,ORGANIC_NORMAL,NONE,,False,0.0,,0,NO_LIEN
TX_00000204,CARD_000636,17.65,USD,0,ORGANIC_NORMAL,NONE,,False,0.0,,0,NO_LIEN
TX_00000205,CARD_000168,201.44,USD,0,ORGANIC_NORMAL,NONE,,False,0.0,,0,NO_LIEN
TX_00000206,CARD_000168,43.21,USD,0,ORGANIC_NORMAL,NONE,,False,0.0,,0,NO_LIEN
TX_00000207,CARD_000636,24.27,USD,0,ORGANIC_NORMAL,NONE,,False,0.0,,0,NO_LIEN
TX_00000208,CARD_000636,4.3,USD,0,ORGANIC_NORMAL,NONE,,False,0.0,,0,NO_LIEN
TX_00000209,CARD_000168,50.85,USD,0,ORGANIC_NORMAL,NONE,,False,0.0,,0,NO_LIEN
TX_00000210,CARD_000168,29.55,USD,0,ORGANIC_NORMAL,NONE,,False,0.0,,0,NO_LIEN
TX_00000211,CARD_000636,35.19,USD,0,ORGANIC_NORMAL,NONE,,False,0.0,,0,NO_LIEN
TX_00000212,CARD_000168,8.91,USD,0,ORGANIC_NORMAL,NONE,,False,0.0,,0,NO_LIEN
TX_00000213,CARD_000636,39.01,USD,0,ORGANIC_NORMAL,NONE,,False,0.0,,0,NO_LIEN
TX_00000214,CARD_000636,32.72,USD,0,ORGANIC_NORMAL,NONE,,False,0.0,,0,NO_LIEN
TX_00000215,CARD_000636,49.17,USD,0,ORGANIC_NORMAL,NONE,,False,0.0,,0,NO_LIEN
TX_00000216,CARD_000063,114.14,USD,0,ORGANIC_NORMAL,NONE,,False,0.0,,0,NO_LIEN
TX_00000217,CARD_000063,97.98,USD,0,ORGANIC_NORMAL,NONE,,False,0.0,,0,NO_LIEN
TX_00000218,CARD_000063,43.18,USD,0,ORGANIC_NORMAL,NONE,,False,0.0,,0,NO_LIEN
TX_00000219,CARD_000063,39.09,USD,0,ORGANIC_NORMAL,NONE,,False,0.0,,0,NO_LIEN
TX_00000220,CARD_000063,106.58,USD,0,ORGANIC_NORMAL,NONE,,False,0.0,,0,NO_LIEN
TX_00000221,CARD_000469,21.17,USD,0,ORGANIC_NORMAL,NONE,,False,0.0,,0,NO_LIEN
TX_00000222,CARD_000469,119.99,USD,0,ORGANIC_NORMAL,NONE,,False,0.0,,0,NO_LIEN
TX_00000223,CARD_000469,352.72,USD,0,ORGANIC_NORMAL,NONE,,False,0.0,,0,NO_LIEN
TX_00000224,CARD_000469,61.82,USD,0,ORGANIC_NORMAL,NONE,,False,0.0,,0,NO_LIEN
TX_00000225,CARD_000063,86.55,USD,0,ORGANIC_NORMAL,NONE,,False,0.0,,0,NO_LIEN
TX_00000226,CARD_000469,66.45,USD,0,ORGANIC_NORMAL,NONE,,False,0.0,,0,NO_LIEN
TX_00000227,CARD_000063,35.56,USD,0,ORGANIC_NORMAL,NONE,,False,0.0,,0,NO_LIEN
TX_00000228,CARD_000469,22.42,USD,0,ORGANIC_NORMAL,NONE,,False,0.0,,0,NO_LIEN
TX_00000229,CARD_000911,21.51,USD,0,ORGANIC_NORMAL,NONE,,False,0.0,,0,NO_LIEN
TX_00000230,CARD_000469,16.62,USD,0,ORGANIC_NORMAL,NONE,,False,0.0,,0,NO_LIEN
TX_00000231,CARD_000063,21.71,USD,0,ORGANIC_NORMAL,NONE,,False,0.0,,0,NO_LIEN
TX_00000232,CARD_000911,99.18,USD,0,ORGANIC_NORMAL,NONE,,False,0.0,,0,NO_LIEN
TX_00000233,CARD_000911,47.54,USD,0,ORGANIC_NORMAL,NONE,,False,0.0,,0,NO_LIEN
TX_00000234,CARD_000857,55.64,USD,0,ORGANIC_NORMAL,NONE,,False,0.0,,0,NO_LIEN
TX_00000235,CARD_000262,133.48,USD,0,ORGANIC_NORMAL,NONE,,False,0.0,,0,NO_LIEN
TX_00000236,CARD_000262,0.68,USD,0,ORGANIC_NORMAL,NONE,,False,0.0,,0,NO_LIEN
TX_00000237,CARD_000262,33.29,USD,0,ORGANIC_NORMAL,NONE,,False,0.0,,0,NO_LIEN
TX_00000238,CARD_000024,14.42,USD,0,ORGANIC_NORMAL,NONE,,False,0.0,,0,NO_LIEN
TX_00000239,CARD_000262,90.43,USD,0,ORGANIC_NORMAL,NONE,,False,0.0,,0,NO_LIEN
TX_00000240,CARD_000262,130.56,USD,0,ORGANIC_NORMAL,NONE,,False,0.0,,0,NO_LIEN
TX_00000241,CARD_000980,1070.7,USD,0,ORGANIC_NORMAL,NONE,,False,0.0,,0,NO_LIEN
TX_00000242,CARD_000720,18.21,USD,0,ORGANIC_NORMAL,NONE,,False,0.0,,0,NO_LIEN
TX_00000243,CARD_000905,5.98,USD,0,ORGANIC_NORMAL,NONE,,False,0.0,,0,NO_LIEN
TX_00000244,CARD_000905,127.77,USD,0,ORGANIC_NORMAL,NONE,,False,0.0,,0,NO_LIEN
TX_00000245,CARD_000905,165.75,USD,0,ORGANIC_NORMAL,NONE,,False,0.0,,0,NO_LIEN
TX_00000246,CARD_000222,29.91,USD,0,ORGANIC_NORMAL,NONE,,False,0.0,,0,NO_LIEN
TX_00000247,CARD_000828,53.47,USD,0,ORGANIC_NORMAL,NONE,,False,0.0,,0,NO_LIEN
TX_00000248,CARD_000828,826.42,USD,0,ORGANIC_NORMAL,NONE,,False,0.0,,0,NO_LIEN
TX_00000249,CARD_000797,189.79,USD,0,ORGANIC_NORMAL,NONE,,False,0.0,,0,NO_LIEN
TX_00000250,CARD_000496,20.69,USD,0,ORGANIC_NORMAL,NONE,,False,0.0,,0,NO_LIEN
TX_00000251,CARD_000797,23.72,USD,0,ORGANIC_NORMAL,NONE,,False,0.0,,0,NO_LIEN
TX_00000252,CARD_000797,79.75,USD,0,ORGANIC_NORMAL,NONE,,False,0.0,,0,NO_LIEN
TX_00000253,CARD_000797,44.41,USD,0,ORGANIC_NORMAL,NONE,,False,0.0,,0,NO_LIEN
TX_00000254,CARD_000988,23.83,USD,0,ORGANIC_NORMAL,NONE,,False,0.0,,0,NO_LIEN
TX_00000255,CARD_000108,53.73,USD,0,ORGANIC_NORMAL,NONE,,False,0.0,,0,NO_LIEN
TX_00000256,CARD_000424,46.54,USD,0,ORGANIC_NORMAL,NONE,,False,0.0,,0,NO_LIEN
TX_00000257,CARD_000424,51.99,USD,0,ORGANIC_NORMAL,NONE,,False,0.0,,0,NO_LIEN
TX_00000258,CARD_000424,41.64,USD,0,ORGANIC_NORMAL,NONE,,False,0.0,,0,NO_LIEN
TX_00000259,CARD_000868,29.54,USD,0,ORGANIC_NORMAL,NONE,,False,0.0,,0,NO_LIEN
TX_00000260,CARD_000424,84.61,USD,0,ORGANIC_NORMAL,NONE,,False,0.0,,0,NO_LIEN
TX_00000261,CARD_000424,100.07,USD,0,ORGANIC_NORMAL,NONE,,False,0.0,,0,NO_LIEN
TX_00000262,CARD_000234,34.2,USD,0,ORGANIC_NORMAL,NONE,,False,0.0,,0,NO_LIEN
TX_00000263,CARD_000234,63.46,USD,0,ORGANIC_NORMAL,NONE,,False,0.0,,0,NO_LIEN
TX_00000264,CARD_000234,59.25,USD,0,ORGANIC_NORMAL,NONE,,False,0.0,,0,NO_LIEN
TX_00000265,CARD_000424,407.8,USD,0,ORGANIC_NORMAL,NONE,,False,0.0,,0,NO_LIEN
TX_00000266,CARD_000159,244.97,USD,0,ORGANIC_NORMAL,NONE,,False,0.0,,0,NO_LIEN
TX_00000267,CARD_000424,18.68,USD,0,ORGANIC_NORMAL,NONE,,False,0.0,,0,NO_LIEN
TX_00000268,CARD_000356,516.1,USD,0,HARD_NEGATIVE_RELOCATION,NONE,,False,0.0,,0,NO_LIEN
TX_00000269,CARD_000424,21.11,USD,0,ORGANIC_NORMAL,NONE,,False,0.0,,0,NO_LIEN
TX_00000270,CARD_000424,21.35,USD,0,ORGANIC_NORMAL,NONE,,False,0.0,,0,NO_LIEN
TX_00000271,CARD_000695,53.35,USD,0,ORGANIC_NORMAL,NONE,,False,0.0,,0,NO_LIEN
TX_00000272,CARD_000424,35.9,USD,0,ORGANIC_NORMAL,NONE,,False,0.0,,0,NO_LIEN
TX_00000273,CARD_000424,22.13,USD,0,ORGANIC_NORMAL,NONE,,False,0.0,,0,NO_LIEN
TX_00000274,CARD_000424,67.08,USD,0,ORGANIC_NORMAL,NONE,,False,0.0,,0,NO_LIEN
TX_00000275,CARD_000424,27.34,USD,0,ORGANIC_NORMAL,NONE,,False,0.0,,0,NO_LIEN
TX_00000276,CARD_000875,62.71,USD,0,ORGANIC_NORMAL,NONE,,False,0.0,,0,NO_LIEN
TX_00000277,CARD_000424,140.93,USD,0,ORGANIC_NORMAL,NONE,,False,0.0,,0,NO_LIEN
TX_00000278,CARD_000527,34.67,USD,0,ORGANIC_NORMAL,NONE,,False,0.0,,0,NO_LIEN
TX_00000279,CARD_000424,77.96,USD,0,ORGANIC_NORMAL,NONE,,False,0.0,,0,NO_LIEN
TX_00000280,CARD_000527,109.62,USD,0,ORGANIC_NORMAL,NONE,,False,0.0,,0,NO_LIEN
TX_00000281,CARD_000321,439.6,USD,0,HARD_NEGATIVE_TRAVEL,NONE,,False,0.0,,0,NO_LIEN
TX_00000282,CARD_000112,11.72,USD,1,INTENT_OMEGA_PROBE,FIRST_CHARGEBACK,10.4,False,0.0,,0,NO_LIEN
TX_00000283,CARD_000122,54.95,USD,0,ORGANIC_NORMAL,NONE,,False,0.0,,0,NO_LIEN
TX_00000284,CARD_000339,38.92,USD,0,ORGANIC_NORMAL,NONE,,False,0.0,,0,NO_LIEN
TX_00000285,CARD_000707,42.59,USD,0,ORGANIC_NORMAL,NONE,,False,0.0,,0,NO_LIEN
TX_00000286,CARD_000678,81.59,USD,0,ORGANIC_NORMAL,NONE,,False,0.0,,0,NO_LIEN
TX_00000287,CARD_000707,237.09,USD,0,ORGANIC_NORMAL,NONE,,False,0.0,,0,NO_LIEN
TX_00000288,CARD_000114,119.84,USD,0,ORGANIC_NORMAL,NONE,,False,0.0,,0,NO_LIEN
TX_00000289,CARD_000707,429.69,USD,0,ORGANIC_NORMAL,NONE,,False,0.0,,0,NO_LIEN
TX_00000290,CARD_000707,20.42,USD,0,ORGANIC_NORMAL,NONE,,False,0.0,,0,NO_LIEN
TX_00000291,CARD_000707,77.96,USD,0,ORGANIC_NORMAL,NONE,,False,0.0,,0,NO_LIEN
TX_00000292,CARD_000707,288.59,USD,0,HARD_NEGATIVE_TRAVEL,NONE,,False,0.0,,0,NO_LIEN
TX_00000293,CARD_000669,6.86,USD,0,ORGANIC_NORMAL,NONE,,False,0.0,,0,NO_LIEN
TX_00000294,CARD_000707,442.55,USD,0,HARD_NEGATIVE_TRAVEL,NONE,,False,0.0,,0,NO_LIEN
TX_00000295,CARD_000707,472.07,USD,0,HARD_NEGATIVE_TRAVEL,NONE,,False,0.0,,0,NO_LIEN
TX_00000296,CARD_000707,182.65,USD,0,HARD_NEGATIVE_TRAVEL,NONE,,False,0.0,,0,NO_LIEN
TX_00000297,CARD_000108,14.93,USD,0,ORGANIC_NORMAL,NONE,,False,0.0,,0,NO_LIEN
TX_00000298,CARD_000603,49.64,USD,0,ORGANIC_NORMAL,NONE,,False,0.0,,0,NO_LIEN
TX_00000299,CARD_000251,13.61,USD,0,ORGANIC_NORMAL,NONE,,False,0.0,,0,NO_LIEN
TX_00000300,CARD_000698,128.14,USD,0,ORGANIC_NORMAL,NONE,,False,0.0,,0,NO_LIEN
TX_00000301,CARD_000251,93.73,USD,0,ORGANIC_NORMAL,NONE,,False,0.0,,0,NO_LIEN
TX_00000302,CARD_000698,69.98,USD,0,ORGANIC_NORMAL,NONE,,False,0.0,,0,NO_LIEN
TX_00000303,CARD_000251,4.3,USD,0,ORGANIC_NORMAL,NONE,,False,0.0,,0,NO_LIEN
TX_00000304,CARD_000251,29.76,USD,0,ORGANIC_NORMAL,NONE,,False,0.0,,0,NO_LIEN
TX_00000305,CARD_000698,51.51,USD,0,ORGANIC_NORMAL,NONE,,False,0.0,,0,NO_LIEN
TX_00000306,CARD_000698,46.27,USD,0,ORGANIC_NORMAL,NONE,,False,0.0,,0,NO_LIEN
TX_00000307,CARD_000698,166.38,USD,0,ORGANIC_NORMAL,NONE,,False,0.0,,0,NO_LIEN
TX_00000308,CARD_000653,28.05,USD,0,ORGANIC_NORMAL,NONE,,False,0.0,,0,NO_LIEN
TX_00000309,CARD_000029,33.64,USD,0,ORGANIC_NORMAL,NONE,,False,0.0,,0,NO_LIEN
TX_00000310,CARD_000310,78.85,USD,0,ORGANIC_NORMAL,NONE,,False,0.0,,0,NO_LIEN
TX_00000311,CARD_000310,91.69,USD,0,ORGANIC_NORMAL,NONE,,False,0.0,,0,NO_LIEN
TX_00000312,CARD_000310,442.81,USD,0,ORGANIC_NORMAL,NONE,,False,0.0,,0,NO_LIEN
TX_00000313,CARD_000511,9.06,USD,0,ORGANIC_NORMAL,NONE,,False,0.0,,0,NO_LIEN
TX_00000314,CARD_000008,31.24,USD,0,ORGANIC_NORMAL,NONE,,False,0.0,,0,NO_LIEN
TX_00000315,CARD_000710,30.66,USD,0,ORGANIC_NORMAL,NONE,,False,0.0,,0,NO_LIEN
TX_00000316,CARD_000710,26.86,USD,0,ORGANIC_NORMAL,NONE,,False,0.0,,0,NO_LIEN
TX_00000317,CARD_000710,17.45,USD,0,ORGANIC_NORMAL,NONE,,False,0.0,,0,NO_LIEN
TX_00000318,CARD_000710,52.3,USD,0,ORGANIC_NORMAL,NONE,,False,0.0,,0,NO_LIEN
TX_00000319,CARD_000710,130.15,USD,0,ORGANIC_NORMAL,NONE,,False,0.0,,0,NO_LIEN
TX_00000320,CARD_000710,26.83,USD,0,ORGANIC_NORMAL,NONE,,False,0.0,,0,NO_LIEN
TX_00000321,CARD_000710,7.87,USD,0,ORGANIC_NORMAL,NONE,,False,0.0,,0,NO_LIEN
TX_00000322,CARD_000014,23.6,USD,0,ORGANIC_NORMAL,NONE,,False,0.0,,0,NO_LIEN
TX_00000323,CARD_000014,23.42,USD,0,ORGANIC_NORMAL,NONE,,False,0.0,,0,NO_LIEN
TX_00000324,CARD_000014,61.56,USD,0,ORGANIC_NORMAL,NONE,,False,0.0,,0,NO_LIEN
TX_00000325,CARD_000014,21.62,USD,0,ORGANIC_NORMAL,NONE,,False,0.0,,0,NO_LIEN
TX_00000326,CARD_000014,65.22,USD,0,ORGANIC_NORMAL,NONE,,False,0.0,,0,NO_LIEN
TX_00000327,CARD_000014,114.98,USD,0,ORGANIC_NORMAL,NONE,,False,0.0,,0,NO_LIEN
TX_00000328,CARD_000014,20.16,USD,0,ORGANIC_NORMAL,NONE,,False,0.0,,0,NO_LIEN
TX_00000329,CARD_000014,30.2,USD,0,ORGANIC_NORMAL,NONE,,False,0.0,,0,NO_LIEN
TX_00000330,CARD_000014,98.84,USD,0,ORGANIC_NORMAL,NONE,,False,0.0,,0,NO_LIEN
TX_00000331,CARD_000014,33.71,USD,0,ORGANIC_NORMAL,NONE,,False,0.0,,0,NO_LIEN
TX_00000332,CARD_000117,41.54,USD,0,ORGANIC_NORMAL,NONE,,False,0.0,,0,NO_LIEN
TX_00000333,CARD_000124,63.14,USD,0,ORGANIC_NORMAL,NONE,,False,0.0,,0,NO_LIEN
TX_00000334,CARD_000124,11.57,USD,0,ORGANIC_NORMAL,NONE,,False,0.0,,0,NO_LIEN
TX_00000335,CARD_000124,22.25,USD,0,ORGANIC_NORMAL,NONE,,False,0.0,,0,NO_LIEN
TX_00000336,CARD_000124,21.86,USD,0,ORGANIC_NORMAL,NONE,,False,0.0,,0,NO_LIEN
TX_00000337,CARD_000124,60.35,USD,0,ORGANIC_NORMAL,NONE,,False,0.0,,0,NO_LIEN
TX_00000338,CARD_000124,66.55,USD,0,ORGANIC_NORMAL,NONE,,False,0.0,,0,NO_LIEN
TX_00000339,CARD_000124,22.57,USD,0,ORGANIC_NORMAL,NONE,,False,0.0,,0,NO_LIEN
TX_00000340,CARD_000379,59.79,USD,0,ORGANIC_NORMAL,NONE,,False,0.0,,0,NO_LIEN
TX_00000341,CARD_000977,70.86,USD,0,ORGANIC_NORMAL,NONE,,False,0.0,,0,NO_LIEN
TX_00000342,CARD_000977,76.73,USD,0,ORGANIC_NORMAL,NONE,,False,0.0,,0,NO_LIEN
TX_00000343,CARD_000718,586.88,USD,0,HARD_NEGATIVE_TRAVEL,NONE,,False,0.0,,0,NO_LIEN
TX_00000344,CARD_000977,19.48,USD,0,ORGANIC_NORMAL,NONE,,False,0.0,,0,NO_LIEN
TX_00000345,CARD_000977,40.07,USD,0,ORGANIC_NORMAL,NONE,,False,0.0,,0,NO_LIEN
TX_00000346,CARD_000231,55.84,USD,0,ORGANIC_NORMAL,NONE,,False,0.0,,0,NO_LIEN
TX_00000347,CARD_000449,11.93,USD,1,INTENT_OMEGA_PROBE,FIRST_CHARGEBACK,10.4,False,0.0,,0,NO_LIEN
TX_00000348,CARD_000231,32.67,USD,0,ORGANIC_NORMAL,NONE,,False,0.0,,0,NO_LIEN
TX_00000349,CARD_000231,1366.57,USD,0,HARD_NEGATIVE_RELOCATION,NONE,,False,0.0,,0,NO_LIEN
TX_00000350,CARD_000050,88.54,USD,0,ORGANIC_NORMAL,NONE,,False,0.0,,0,NO_LIEN
TX_00000351,CARD_000050,10.73,USD,0,ORGANIC_NORMAL,NONE,,False,0.0,,0,NO_LIEN
TX_00000352,CARD_000050,25.2,USD,0,ORGANIC_NORMAL,NONE,,False,0.0,,0,NO_LIEN
TX_00000353,CARD_000226,20.37,USD,0,ORGANIC_NORMAL,NONE,,False,0.0,,0,NO_LIEN
TX_00000354,CARD_000226,46.02,USD,0,ORGANIC_NORMAL,NONE,,False,0.0,,0,NO_LIEN
TX_00000355,CARD_000620,19.13,USD,0,ORGANIC_NORMAL,NONE,,False,0.0,,0,NO_LIEN
TX_00000356,CARD_000226,21.06,USD,0,ORGANIC_NORMAL,NONE,,False,0.0,,0,NO_LIEN
TX_00000357,CARD_000226,54.53,USD,0,ORGANIC_NORMAL,NONE,,False,0.0,,0,NO_LIEN
TX_00000358,CARD_000226,15.94,USD,0,ORGANIC_NORMAL,NONE,,False,0.0,,0,NO_LIEN
TX_00000359,CARD_000226,34.3,USD,0,ORGANIC_NORMAL,NONE,,False,0.0,,0,NO_LIEN
TX_00000360,CARD_000226,201.66,USD,0,ORGANIC_NORMAL,NONE,,False,0.0,,0,NO_LIEN
TX_00000361,CARD_000419,94.61,USD,0,ORGANIC_NORMAL,NONE,,False,0.0,,0,NO_LIEN
TX_00000362,CARD_000419,18.0,USD,0,ORGANIC_NORMAL,NONE,,False,0.0,,0,NO_LIEN
TX_00000363,CARD_000419,19.83,USD,0,ORGANIC_NORMAL,NONE,,False,0.0,,0,NO_LIEN
TX_00000364,CARD_000373,15.56,USD,0,ORGANIC_NORMAL,NONE,,False,0.0,,0,NO_LIEN
TX_00000365,CARD_000373,13.02,USD,0,ORGANIC_NORMAL,NONE,,False,0.0,,0,NO_LIEN
TX_00000366,CARD_000373,7.57,USD,0,ORGANIC_NORMAL,NONE,,False,0.0,,0,NO_LIEN
TX_00000367,CARD_000716,29.44,USD,0,ORGANIC_NORMAL,NONE,,False,0.0,,0,NO_LIEN
TX_00000368,CARD_000716,40.56,USD,0,ORGANIC_NORMAL,NONE,,False,0.0,,0,NO_LIEN
TX_00000369,CARD_000373,12.59,USD,0,ORGANIC_NORMAL,NONE,,False,0.0,,0,NO_LIEN
TX_00000370,CARD_000716,106.34,USD,0,ORGANIC_NORMAL,NONE,,False,0.0,,0,NO_LIEN
TX_00000371,CARD_000401,19.17,USD,0,ORGANIC_NORMAL,NONE,,False,0.0,,0,NO_LIEN
TX_00000372,CARD_000785,171.9,USD,0,ORGANIC_NORMAL,NONE,,False,0.0,,0,NO_LIEN
TX_00000373,CARD_000373,15.32,USD,0,ORGANIC_NORMAL,NONE,,False,0.0,,0,NO_LIEN
TX_00000374,CARD_000373,19.45,USD,0,ORGANIC_NORMAL,NONE,,False,0.0,,0,NO_LIEN
TX_00000375,CARD_000971,90.54,USD,0,ORGANIC_NORMAL,NONE,,False,0.0,,0,NO_LIEN
TX_00000376,CARD_000971,76.18,USD,0,ORGANIC_NORMAL,NONE,,False,0.0,,0,NO_LIEN
TX_00000377,CARD_000373,11.61,USD,0,ORGANIC_NORMAL,NONE,,False,0.0,,0,NO_LIEN
TX_00000378,CARD_000373,10.36,USD,0,ORGANIC_NORMAL,NONE,,False,0.0,,0,NO_LIEN
TX_00000379,CARD_000971,33.79,USD,0,ORGANIC_NORMAL,NONE,,False,0.0,,0,NO_LIEN
TX_00000380,CARD_000373,11.2,USD,0,ORGANIC_NORMAL,NONE,,False,0.0,,0,NO_LIEN
TX_00000381,CARD_000373,15.59,USD,0,ORGANIC_NORMAL,NONE,,False,0.0,,0,NO_LIEN
TX_00000382,CARD_000971,70.07,USD,0,ORGANIC_NORMAL,NONE,,False,0.0,,0,NO_LIEN
TX_00000383,CARD_000373,593.65,USD,0,HARD_NEGATIVE_EMERGENCY,NONE,,False,0.0,,0,NO_LIEN
TX_00000384,CARD_000978,196.13,USD,0,ORGANIC_NORMAL,NONE,,False,0.0,,0,NO_LIEN
TX_00000385,CARD_000533,1125.83,USD,0,HARD_NEGATIVE_RELOCATION,NONE,,False,0.0,,0,NO_LIEN
TX_00000386,CARD_000533,599.0,USD,0,HARD_NEGATIVE_RELOCATION,NONE,,False,0.0,,0,NO_LIEN
TX_00000387,CARD_000533,408.24,USD,0,HARD_NEGATIVE_RELOCATION,NONE,,False,0.0,,0,NO_LIEN
TX_00000388,CARD_000533,1009.46,USD,0,HARD_NEGATIVE_RELOCATION,NONE,,False,0.0,,0,NO_LIEN
TX_00000389,CARD_000289,57.04,USD,0,ORGANIC_NORMAL,NONE,,False,0.0,,0,NO_LIEN
TX_00000390,CARD_000056,1.28,USD,1,INTENT_OMEGA_PROBE,FIRST_CHARGEBACK,10.4,False,0.0,,0,NO_LIEN
TX_00000391,CARD_000664,36.36,USD,0,ORGANIC_NORMAL,NONE,,False,0.0,,0,NO_LIEN
TX_00000392,CARD_000077,23.57,USD,0,ORGANIC_NORMAL,NONE,,False,0.0,,0,NO_LIEN
TX_00000393,CARD_000409,48.26,USD,0,ORGANIC_NORMAL,NONE,,False,0.0,,0,NO_LIEN
TX_00000394,CARD_000077,8.32,USD,0,ORGANIC_NORMAL,NONE,,False,0.0,,0,NO_LIEN
TX_00000395,CARD_000077,12.95,USD,0,ORGANIC_NORMAL,NONE,,False,0.0,,0,NO_LIEN
TX_00000396,CARD_000409,35.21,USD,0,ORGANIC_NORMAL,NONE,,False,0.0,,0,NO_LIEN
TX_00000397,CARD_000146,37.29,USD,0,ORGANIC_NORMAL,NONE,,False,0.0,,0,NO_LIEN
TX_00000398,CARD_000534,53.36,USD,0,ORGANIC_NORMAL,NONE,,False,0.0,,0,NO_LIEN
TX_00000399,CARD_000534,296.07,USD,0,ORGANIC_NORMAL,NONE,,False,0.0,,0,NO_LIEN
TX_00000400,CARD_000567,24.13,USD,0,ORGANIC_NORMAL,NONE,,False,0.0,,0,NO_LIEN
TX_00000401,CARD_000429,72.58,USD,0,ORGANIC_NORMAL,NONE,,False,0.0,,0,NO_LIEN
TX_00000402,CARD_000429,24.33,USD,0,ORGANIC_NORMAL,NONE,,False,0.0,,0,NO_LIEN
TX_00000403,CARD_000106,9.33,USD,0,ORGANIC_NORMAL,NONE,,False,0.0,,0,NO_LIEN
TX_00000404,CARD_000106,28.27,USD,0,ORGANIC_NORMAL,NONE,,False,0.0,,0,NO_LIEN
TX_00000405,CARD_000106,8.04,USD,0,ORGANIC_NORMAL,NONE,,False,0.0,,0,NO_LIEN
TX_00000406,CARD_000106,27.51,USD,0,ORGANIC_NORMAL,NONE,,False,0.0,,0,NO_LIEN
TX_00000407,CARD_000106,6.16,USD,0,ORGANIC_NORMAL,NONE,,False,0.0,,0,NO_LIEN
TX_00000408,CARD_000106,14.68,USD,0,ORGANIC_NORMAL,NONE,,False,0.0,,0,NO_LIEN
TX_00000409,CARD_000811,726.4,USD,0,ORGANIC_NORMAL,NONE,,False,0.0,,0,NO_LIEN
TX_00000410,CARD_000811,23.51,USD,0,ORGANIC_NORMAL,NONE,,False,0.0,,0,NO_LIEN
TX_00000411,CARD_000811,94.98,USD,0,ORGANIC_NORMAL,NONE,,False,0.0,,0,NO_LIEN
TX_00000412,CARD_000066,98.83,USD,0,ORGANIC_NORMAL,NONE,,False,0.0,,0,NO_LIEN
TX_00000413,CARD_000066,43.45,USD,0,ORGANIC_NORMAL,NONE,,False,0.0,,0,NO_LIEN
TX_00000414,CARD_000789,52.92,USD,0,ORGANIC_NORMAL,NONE,,False,0.0,,0,NO_LIEN
TX_00000415,CARD_000789,32.61,USD,0,ORGANIC_NORMAL,NONE,,False,0.0,,0,NO_LIEN
TX_00000416,CARD_000893,8.2,USD,0,ORGANIC_NORMAL,NONE,,False,0.0,,0,NO_LIEN
TX_00000417,CARD_000376,41.11,USD,0,ORGANIC_NORMAL,NONE,,False,0.0,,0,NO_LIEN
TX_00000418,CARD_000376,131.17,USD,0,ORGANIC_NORMAL,NONE,,False,0.0,,0,NO_LIEN
TX_00000419,CARD_000371,250.0,USD,0,ORGANIC_NORMAL,NONE,,False,0.0,,0,NO_LIEN
TX_00000420,CARD_000371,64.67,USD,0,ORGANIC_NORMAL,NONE,,False,0.0,,0,NO_LIEN
TX_00000421,CARD_000371,57.51,USD,0,ORGANIC_NORMAL,NONE,,False,0.0,,0,NO_LIEN
TX_00000422,CARD_000371,50.14,USD,0,ORGANIC_NORMAL,NONE,,False,0.0,,0,NO_LIEN
TX_00000423,CARD_000371,44.16,USD,0,ORGANIC_NORMAL,NONE,,False,0.0,,0,NO_LIEN
TX_00000424,CARD_000141,45.3,USD,0,ORGANIC_NORMAL,NONE,,False,0.0,,0,NO_LIEN
TX_00000425,CARD_000141,65.09,USD,0,ORGANIC_NORMAL,NONE,,False,0.0,,0,NO_LIEN
TX_00000426,CARD_000141,67.86,USD,0,ORGANIC_NORMAL,NONE,,False,0.0,,0,NO_LIEN
TX_00000427,CARD_000141,35.08,USD,0,ORGANIC_NORMAL,NONE,,False,0.0,,0,NO_LIEN
TX_00000428,CARD_000141,66.85,USD,0,ORGANIC_NORMAL,NONE,,False,0.0,,0,NO_LIEN
TX_00000429,CARD_000141,38.71,USD,0,ORGANIC_NORMAL,NONE,,False,0.0,,0,NO_LIEN
TX_00000430,CARD_000141,35.76,USD,0,ORGANIC_NORMAL,NONE,,False,0.0,,0,NO_LIEN
TX_00000431,CARD_000930,65.47,USD,0,ORGANIC_NORMAL,NONE,,False,0.0,,0,NO_LIEN
TX_00000432,CARD_000495,28.39,USD,0,ORGANIC_NORMAL,NONE,,False,0.0,,0,NO_LIEN
TX_00000433,CARD_000495,29.53,USD,0,ORGANIC_NORMAL,NONE,,False,0.0,,0,NO_LIEN
TX_00000434,CARD_000254,48.89,USD,0,ORGANIC_NORMAL,NONE,,False,0.0,,0,NO_LIEN
TX_00000435,CARD_000426,6.76,USD,0,ORGANIC_NORMAL,NONE,,False,0.0,,0,NO_LIEN
TX_00000436,CARD_000608,24.95,USD,0,ORGANIC_NORMAL,NONE,,False,0.0,,0,NO_LIEN
TX_00000437,CARD_000171,80.01,USD,0,ORGANIC_NORMAL,NONE,,False,0.0,,0,NO_LIEN
TX_00000438,CARD_000171,13.7,USD,0,ORGANIC_NORMAL,NONE,,False,0.0,,0,NO_LIEN
TX_00000439,CARD_000171,49.67,USD,0,ORGANIC_NORMAL,NONE,,False,0.0,,0,NO_LIEN
TX_00000440,CARD_000171,48.77,USD,0,ORGANIC_NORMAL,NONE,,False,0.0,,0,NO_LIEN
TX_00000441,CARD_000171,81.15,USD,0,ORGANIC_NORMAL,NONE,,False,0.0,,0,NO_LIEN
TX_00000442,CARD_000171,52.16,USD,0,ORGANIC_NORMAL,NONE,,False,0.0,,0,NO_LIEN
TX_00000443,CARD_000171,24.13,USD,0,ORGANIC_NORMAL,NONE,,False,0.0,,0,NO_LIEN
TX_00000444,CARD_000171,44.53,USD,0,ORGANIC_NORMAL,NONE,,False,0.0,,0,NO_LIEN
TX_00000445,CARD_000037,7.79,USD,1,INTENT_OMEGA_PROBE,FIRST_CHARGEBACK,10.4,False,0.0,,0,NO_LIEN
TX_00000446,CARD_000442,44.63,USD,0,ORGANIC_NORMAL,NONE,,False,0.0,,0,NO_LIEN
TX_00000447,CARD_000171,35.05,USD,0,ORGANIC_NORMAL,NONE,,False,0.0,,0,NO_LIEN
TX_00000448,CARD_000171,191.82,USD,0,ORGANIC_NORMAL,NONE,,False,0.0,,0,NO_LIEN
TX_00000449,CARD_000171,32.43,USD,0,ORGANIC_NORMAL,NONE,,False,0.0,,0,NO_LIEN
TX_00000450,CARD_000171,56.99,USD,0,ORGANIC_NORMAL,NONE,,False,0.0,,0,NO_LIEN
TX_00000451,CARD_000171,6.23,USD,0,ORGANIC_NORMAL,NONE,,False,0.0,,0,NO_LIEN
TX_00000452,CARD_000387,15.07,USD,0,ORGANIC_NORMAL,NONE,,False,0.0,,0,NO_LIEN
TX_00000453,CARD_000221,22.34,USD,0,ORGANIC_NORMAL,NONE,,False,0.0,,0,NO_LIEN
TX_00000454,CARD_000059,20.51,USD,0,ORGANIC_NORMAL,NONE,,False,0.0,,0,NO_LIEN
TX_00000455,CARD_000059,16.22,USD,0,ORGANIC_NORMAL,NONE,,False,0.0,,0,NO_LIEN
TX_00000456,CARD_000059,7.57,USD,0,ORGANIC_NORMAL,NONE,,False,0.0,,0,NO_LIEN
TX_00000457,CARD_000805,51.45,USD,0,ORGANIC_NORMAL,NONE,,False,0.0,,0,NO_LIEN
TX_00000458,CARD_000059,11.26,USD,0,ORGANIC_NORMAL,NONE,,False,0.0,,0,NO_LIEN
TX_00000459,CARD_000805,39.77,USD,0,ORGANIC_NORMAL,NONE,,False,0.0,,0,NO_LIEN
TX_00000460,CARD_000805,125.65,USD,0,ORGANIC_NORMAL,NONE,,False,0.0,,0,NO_LIEN
TX_00000461,CARD_000602,15.61,USD,0,ORGANIC_NORMAL,NONE,,False,0.0,,0,NO_LIEN
TX_00000462,CARD_000602,28.98,USD,0,ORGANIC_NORMAL,NONE,,False,0.0,,0,NO_LIEN
TX_00000463,CARD_000805,29.31,USD,0,ORGANIC_NORMAL,NONE,,False,0.0,,0,NO_LIEN
TX_00000464,CARD_000602,53.71,USD,0,ORGANIC_NORMAL,NONE,,False,0.0,,0,NO_LIEN
TX_00000465,CARD_000805,205.57,USD,0,HARD_NEGATIVE_TRAVEL,NONE,,False,0.0,,0,NO_LIEN
TX_00000466,CARD_000602,8.12,USD,0,ORGANIC_NORMAL,NONE,,False,0.0,,0,NO_LIEN
TX_00000467,CARD_000414,58.98,USD,0,ORGANIC_NORMAL,NONE,,False,0.0,,0,NO_LIEN
TX_00000468,CARD_000414,40.62,USD,0,ORGANIC_NORMAL,NONE,,False,0.0,,0,NO_LIEN
TX_00000469,CARD_000414,39.27,USD,0,ORGANIC_NORMAL,NONE,,False,0.0,,0,NO_LIEN
TX_00000470,CARD_000414,78.5,USD,0,ORGANIC_NORMAL,NONE,,False,0.0,,0,NO_LIEN
TX_00000471,CARD_000099,260.77,USD,0,ORGANIC_NORMAL,NONE,,False,0.0,,0,NO_LIEN
TX_00000472,CARD_000099,25.88,USD,0,ORGANIC_NORMAL,NONE,,False,0.0,,0,NO_LIEN
TX_00000473,CARD_000099,46.44,USD,0,ORGANIC_NORMAL,NONE,,False,0.0,,0,NO_LIEN
TX_00000474,CARD_000112,899.13,USD,1,INTENT_OMEGA_HARVEST,FIRST_CHARGEBACK,10.4,False,0.0,,0,NO_LIEN
TX_00000475,CARD_000037,1346.44,USD,1,INTENT_OMEGA_HARVEST,NONE,,False,0.0,,0,NO_LIEN
TX_00000476,CARD_000133,26.97,USD,0,ORGANIC_NORMAL,NONE,,False,0.0,,0,NO_LIEN
TX_00000477,CARD_000025,16.6,USD,0,ORGANIC_NORMAL,NONE,,False,0.0,,0,NO_LIEN
TX_00000478,CARD_000604,18.17,USD,0,ORGANIC_NORMAL,NONE,,False,0.0,,0,NO_LIEN
TX_00000479,CARD_000010,123.44,USD,0,ORGANIC_NORMAL,NONE,,False,0.0,,0,NO_LIEN
TX_00000480,CARD_000010,53.92,USD,0,ORGANIC_NORMAL,NONE,,False,0.0,,0,NO_LIEN
TX_00000481,CARD_000010,450.0,USD,0,ORGANIC_NORMAL,NONE,,False,0.0,,0,NO_LIEN
TX_00000482,CARD_000247,25.67,USD,0,ORGANIC_NORMAL,NONE,,False,0.0,,0,NO_LIEN
TX_00000483,CARD_000010,192.63,USD,0,ORGANIC_NORMAL,NONE,,False,0.0,,0,NO_LIEN
TX_00000484,CARD_000010,308.67,USD,0,ORGANIC_NORMAL,NONE,,False,0.0,,0,NO_LIEN
TX_00000485,CARD_000247,96.96,USD,0,ORGANIC_NORMAL,NONE,,False,0.0,,0,NO_LIEN
TX_00000486,CARD_000247,250.0,USD,0,ORGANIC_NORMAL,NONE,,False,0.0,,0,NO_LIEN
TX_00000487,CARD_000247,32.81,USD,0,ORGANIC_NORMAL,NONE,,False,0.0,,0,NO_LIEN
TX_00000488,CARD_000247,63.34,USD,0,ORGANIC_NORMAL,NONE,,False,0.0,,0,NO_LIEN
TX_00000489,CARD_000247,27.21,USD,0,ORGANIC_NORMAL,NONE,,False,0.0,,0,NO_LIEN
TX_00000490,CARD_000247,76.16,USD,0,ORGANIC_NORMAL,NONE,,False,0.0,,0,NO_LIEN
TX_00000491,CARD_000247,429.8,USD,0,HARD_NEGATIVE_TRAVEL,NONE,,False,0.0,,0,NO_LIEN
TX_00000492,CARD_000337,21.29,USD,0,ORGANIC_NORMAL,NONE,,False,0.0,,0,NO_LIEN
TX_00000493,CARD_000337,13.3,USD,0,ORGANIC_NORMAL,NONE,,False,0.0,,0,NO_LIEN
TX_00000494,CARD_000337,17.57,USD,0,ORGANIC_NORMAL,NONE,,False,0.0,,0,NO_LIEN
TX_00000495,CARD_000337,17.75,USD,0,ORGANIC_NORMAL,NONE,,False,0.0,,0,NO_LIEN
TX_00000496,CARD_000337,12.05,USD,0,ORGANIC_NORMAL,NONE,,False,0.0,,0,NO_LIEN
TX_00000497,CARD_000834,13.29,USD,0,ORGANIC_NORMAL,NONE,,False,0.0,,0,NO_LIEN
TX_00000498,CARD_000834,38.69,USD,0,ORGANIC_NORMAL,NONE,,False,0.0,,0,NO_LIEN
TX_00000499,CARD_000295,44.34,USD,0,ORGANIC_NORMAL,NONE,,False,0.0,,0,NO_LIEN
TX_00000500,CARD_000834,23.19,USD,0,ORGANIC_NORMAL,NONE,,False,0.0,,0,NO_LIEN
TX_00000501,CARD_000834,105.56,USD,0,ORGANIC_NORMAL,NONE,,False,0.0,,0,NO_LIEN
TX_00000502,CARD_000629,33.8,USD,0,ORGANIC_NORMAL,NONE,,False,0.0,,0,NO_LIEN
TX_00000503,CARD_000834,59.04,USD,0,ORGANIC_NORMAL,NONE,,False,0.0,,0,NO_LIEN
TX_00000504,CARD_000834,52.31,USD,0,ORGANIC_NORMAL,NONE,,False,0.0,,0,NO_LIEN
TX_00000505,CARD_000829,43.71,USD,0,ORGANIC_NORMAL,NONE,,False,0.0,,0,NO_LIEN
TX_00000506,CARD_000834,21.65,USD,0,ORGANIC_NORMAL,NONE,,False,0.0,,0,NO_LIEN
TX_00000507,CARD_000882,99.76,USD,0,ORGANIC_NORMAL,NONE,,False,0.0,,0,NO_LIEN
TX_00000508,CARD_000282,212.25,USD,0,ORGANIC_NORMAL,NONE,,False,0.0,,0,NO_LIEN
TX_00000509,CARD_000497,11.3,USD,0,ORGANIC_NORMAL,NONE,,False,0.0,,0,NO_LIEN
TX_00000510,CARD_000282,17.03,USD,0,ORGANIC_NORMAL,NONE,,False,0.0,,0,NO_LIEN
TX_00000511,CARD_000282,49.82,USD,0,ORGANIC_NORMAL,NONE,,False,0.0,,0,NO_LIEN
TX_00000512,CARD_000282,42.33,USD,0,ORGANIC_NORMAL,NONE,,False,0.0,,0,NO_LIEN
TX_00000513,CARD_000282,17.54,USD,0,ORGANIC_NORMAL,NONE,,False,0.0,,0,NO_LIEN
TX_00000514,CARD_000282,41.02,USD,0,ORGANIC_NORMAL,NONE,,False,0.0,,0,NO_LIEN
TX_00000515,CARD_000724,78.44,USD,0,ORGANIC_NORMAL,NONE,,False,0.0,,0,NO_LIEN
TX_00000516,CARD_000656,10.48,USD,0,ORGANIC_NORMAL,NONE,,False,0.0,,0,NO_LIEN
TX_00000517,CARD_000656,16.86,USD,0,ORGANIC_NORMAL,NONE,,False,0.0,,0,NO_LIEN
TX_00000518,CARD_000656,31.01,USD,0,ORGANIC_NORMAL,NONE,,False,0.0,,0,NO_LIEN
TX_00000519,CARD_000225,81.85,USD,0,ORGANIC_NORMAL,NONE,,False,0.0,,0,NO_LIEN
TX_00000520,CARD_000675,130.33,USD,0,ORGANIC_NORMAL,NONE,,False,0.0,,0,NO_LIEN
TX_00000521,CARD_000067,29.62,USD,0,ORGANIC_NORMAL,NONE,,False,0.0,,0,NO_LIEN
TX_00000522,CARD_000067,215.26,USD,0,ORGANIC_NORMAL,NONE,,False,0.0,,0,NO_LIEN
TX_00000523,CARD_000067,38.24,USD,0,ORGANIC_NORMAL,NONE,,False,0.0,,0,NO_LIEN
TX_00000524,CARD_000142,67.22,USD,0,ORGANIC_NORMAL,NONE,,False,0.0,,0,NO_LIEN
TX_00000525,CARD_000142,23.14,USD,0,ORGANIC_NORMAL,NONE,,False,0.0,,0,NO_LIEN
TX_00000526,CARD_000142,29.22,USD,0,ORGANIC_NORMAL,NONE,,False,0.0,,0,NO_LIEN
TX_00000527,CARD_000142,26.41,USD,0,ORGANIC_NORMAL,NONE,,False,0.0,,0,NO_LIEN
TX_00000528,CARD_000142,55.82,USD,0,ORGANIC_NORMAL,NONE,,False,0.0,,0,NO_LIEN
TX_00000529,CARD_000142,102.08,USD,0,ORGANIC_NORMAL,NONE,,False,0.0,,0,NO_LIEN
TX_00000530,CARD_000142,22.8,USD,0,ORGANIC_NORMAL,NONE,,False,0.0,,0,NO_LIEN
TX_00000531,CARD_000142,27.88,USD,0,ORGANIC_NORMAL,NONE,,False,0.0,,0,NO_LIEN
TX_00000532,CARD_000142,29.2,USD,0,ORGANIC_NORMAL,NONE,,False,0.0,,0,NO_LIEN
TX_00000533,CARD_000142,31.2,USD,0,ORGANIC_NORMAL,NONE,,False,0.0,,0,NO_LIEN
TX_00000534,CARD_000359,30.44,USD,0,ORGANIC_NORMAL,NONE,,False,0.0,,0,NO_LIEN
TX_00000535,CARD_000229,50.94,USD,0,ORGANIC_NORMAL,NONE,,False,0.0,,0,NO_LIEN
TX_00000536,CARD_000447,48.23,USD,0,ORGANIC_NORMAL,NONE,,False,0.0,,0,NO_LIEN
TX_00000537,CARD_000447,48.87,USD,0,ORGANIC_NORMAL,NONE,,False,0.0,,0,NO_LIEN
TX_00000538,CARD_000447,39.52,USD,0,ORGANIC_NORMAL,NONE,,False,0.0,,0,NO_LIEN
TX_00000539,CARD_000447,62.36,USD,0,ORGANIC_NORMAL,NONE,,False,0.0,,0,NO_LIEN
TX_00000540,CARD_000447,29.62,USD,0,ORGANIC_NORMAL,NONE,,False,0.0,,0,NO_LIEN
TX_00000541,CARD_000099,474.3,USD,0,ORGANIC_NORMAL,NONE,,False,0.0,,0,NO_LIEN
TX_00000542,CARD_000447,44.4,USD,0,ORGANIC_NORMAL,NONE,,False,0.0,,0,NO_LIEN
TX_00000543,CARD_000099,82.06,USD,0,ORGANIC_NORMAL,NONE,,False,0.0,,0,NO_LIEN
TX_00000544,CARD_000099,42.52,USD,0,ORGANIC_NORMAL,NONE,,False,0.0,,0,NO_LIEN
TX_00000545,CARD_000447,23.97,USD,0,ORGANIC_NORMAL,NONE,,False,0.0,,0,NO_LIEN
TX_00000546,CARD_000099,140.26,USD,0,ORGANIC_NORMAL,NONE,,False,0.0,,0,NO_LIEN
TX_00000547,CARD_000860,123.68,USD,0,ORGANIC_NORMAL,NONE,,False,0.0,,0,NO_LIEN
TX_00000548,CARD_000963,26.88,USD,0,ORGANIC_NORMAL,NONE,,False,0.0,,0,NO_LIEN
TX_00000549,CARD_000963,12.89,USD,0,ORGANIC_NORMAL,NONE,,False,0.0,,0,NO_LIEN
TX_00000550,CARD_000963,34.54,USD,0,ORGANIC_NORMAL,NONE,,False,0.0,,0,NO_LIEN
TX_00000551,CARD_000963,105.83,USD,0,ORGANIC_NORMAL,NONE,,False,0.0,,0,NO_LIEN
TX_00000552,CARD_000963,31.76,USD,0,ORGANIC_NORMAL,NONE,,False,0.0,,0,NO_LIEN
TX_00000553,CARD_000963,40.65,USD,0,ORGANIC_NORMAL,NONE,,False,0.0,,0,NO_LIEN
TX_00000554,CARD_000963,52.3,USD,0,ORGANIC_NORMAL,NONE,,False,0.0,,0,NO_LIEN
TX_00000555,CARD_000963,59.95,USD,0,ORGANIC_NORMAL,NONE,,False,0.0,,0,NO_LIEN
TX_00000556,CARD_000963,38.7,USD,0,ORGANIC_NORMAL,NONE,,False,0.0,,0,NO_LIEN
TX_00000557,CARD_000280,8.9,USD,0,ORGANIC_NORMAL,NONE,,False,0.0,,0,NO_LIEN
TX_00000558,CARD_000703,21.39,USD,0,ORGANIC_NORMAL,NONE,,False,0.0,,0,NO_LIEN
TX_00000559,CARD_000703,208.48,USD,0,ORGANIC_NORMAL,NONE,,False,0.0,,0,NO_LIEN
TX_00000560,CARD_000703,161.27,USD,0,ORGANIC_NORMAL,NONE,,False,0.0,,0,NO_LIEN
TX_00000561,CARD_000090,61.57,USD,0,ORGANIC_NORMAL,NONE,,False,0.0,,0,NO_LIEN
TX_00000562,CARD_000703,15.17,USD,0,ORGANIC_NORMAL,NONE,,False,0.0,,0,NO_LIEN
TX_00000563,CARD_000703,47.72,USD,0,ORGANIC_NORMAL,NONE,,False,0.0,,0,NO_LIEN
TX_00000564,CARD_000703,29.97,USD,0,ORGANIC_NORMAL,NONE,,False,0.0,,0,NO_LIEN
TX_00000565,CARD_000703,41.94,USD,0,ORGANIC_NORMAL,NONE,,False,0.0,,0,NO_LIEN
TX_00000566,CARD_000634,20.51,USD,0,ORGANIC_NORMAL,NONE,,False,0.0,,0,NO_LIEN
TX_00000567,CARD_000703,41.6,USD,0,ORGANIC_NORMAL,NONE,,False,0.0,,0,NO_LIEN
TX_00000568,CARD_000634,36.62,USD,0,ORGANIC_NORMAL,NONE,,False,0.0,,0,NO_LIEN
TX_00000569,CARD_000634,8.54,USD,0,ORGANIC_NORMAL,NONE,,False,0.0,,0,NO_LIEN
TX_00000570,CARD_000634,43.54,USD,0,ORGANIC_NORMAL,NONE,,False,0.0,,0,NO_LIEN
TX_00000571,CARD_000634,22.72,USD,0,ORGANIC_NORMAL,NONE,,False,0.0,,0,NO_LIEN
TX_00000572,CARD_000407,14.22,USD,0,ORGANIC_NORMAL,NONE,,False,0.0,,0,NO_LIEN
TX_00000573,CARD_000297,0.86,USD,1,INTENT_OMEGA_PROBE,FIRST_CHARGEBACK,10.4,False,0.0,,0,NO_LIEN
TX_00000574,CARD_000298,25.31,USD,0,ORGANIC_NORMAL,NONE,,False,0.0,,0,NO_LIEN
TX_00000575,CARD_000298,29.37,USD,0,ORGANIC_NORMAL,NONE,,False,0.0,,0,NO_LIEN
TX_00000576,CARD_000298,65.11,USD,0,ORGANIC_NORMAL,NONE,,False,0.0,,0,NO_LIEN
TX_00000577,CARD_000298,34.48,USD,0,ORGANIC_NORMAL,NONE,,False,0.0,,0,NO_LIEN
TX_00000578,CARD_000086,37.36,USD,0,ORGANIC_NORMAL,NONE,,False,0.0,,0,NO_LIEN
TX_00000579,CARD_000086,148.7,USD,0,ORGANIC_NORMAL,NONE,,False,0.0,,0,NO_LIEN
TX_00000580,CARD_000298,16.85,USD,0,ORGANIC_NORMAL,NONE,,False,0.0,,0,NO_LIEN
TX_00000581,CARD_000086,51.13,USD,0,ORGANIC_NORMAL,NONE,,False,0.0,,0,NO_LIEN
TX_00000582,CARD_000086,30.38,USD,0,ORGANIC_NORMAL,NONE,,False,0.0,,0,NO_LIEN
TX_00000583,CARD_000298,19.22,USD,0,ORGANIC_NORMAL,NONE,,False,0.0,,0,NO_LIEN
TX_00000584,CARD_000298,18.44,USD,0,ORGANIC_NORMAL,NONE,,False,0.0,,0,NO_LIEN
TX_00000585,CARD_000298,48.37,USD,0,ORGANIC_NORMAL,NONE,,False,0.0,,0,NO_LIEN
TX_00000586,CARD_000298,84.18,USD,0,ORGANIC_NORMAL,NONE,,False,0.0,,0,NO_LIEN
TX_00000587,CARD_000298,60.18,USD,0,ORGANIC_NORMAL,NONE,,False,0.0,,0,NO_LIEN
TX_00000588,CARD_000298,24.57,USD,0,ORGANIC_NORMAL,NONE,,False,0.0,,0,NO_LIEN
TX_00000589,CARD_000657,34.19,USD,0,ORGANIC_NORMAL,NONE,,False,0.0,,0,NO_LIEN
TX_00000590,CARD_000641,58.28,USD,0,ORGANIC_NORMAL,NONE,,False,0.0,,0,NO_LIEN
TX_00000591,CARD_000641,174.37,USD,0,ORGANIC_NORMAL,NONE,,False,0.0,,0,NO_LIEN
TX_00000592,CARD_000384,761.41,USD,0,HARD_NEGATIVE_EMERGENCY,NONE,,False,0.0,,0,NO_LIEN
TX_00000593,CARD_000384,258.97,USD,0,ORGANIC_NORMAL,NONE,,False,0.0,,0,NO_LIEN
TX_00000594,CARD_000641,45.12,USD,0,ORGANIC_NORMAL,NONE,,False,0.0,,0,NO_LIEN
TX_00000595,CARD_000384,42.12,USD,0,ORGANIC_NORMAL,NONE,,False,0.0,,0,NO_LIEN
TX_00000596,CARD_000641,45.16,USD,0,ORGANIC_NORMAL,NONE,,False,0.0,,0,NO_LIEN
TX_00000597,CARD_000959,37.53,USD,0,ORGANIC_NORMAL,NONE,,False,0.0,,0,NO_LIEN
TX_00000598,CARD_000959,60.59,USD,0,ORGANIC_NORMAL,NONE,,False,0.0,,0,NO_LIEN
TX_00000599,CARD_000959,20.63,USD,0,ORGANIC_NORMAL,NONE,,False,0.0,,0,NO_LIEN
TX_00000600,CARD_000264,436.74,USD,0,ORGANIC_NORMAL,NONE,,False,0.0,,0,NO_LIEN
TX_00000601,CARD_000264,59.54,USD,0,ORGANIC_NORMAL,NONE,,False,0.0,,0,NO_LIEN
TX_00000602,CARD_000264,54.15,USD,0,ORGANIC_NORMAL,NONE,,False,0.0,,0,NO_LIEN
TX_00000603,CARD_000264,615.84,USD,0,HARD_NEGATIVE_RELOCATION,NONE,,False,0.0,,0,NO_LIEN
TX_00000604,CARD_000264,678.2,USD,0,HARD_NEGATIVE_RELOCATION,NONE,,False,0.0,,0,NO_LIEN
TX_00000605,CARD_000264,820.18,USD,0,HARD_NEGATIVE_RELOCATION,NONE,,False,0.0,,0,NO_LIEN
TX_00000606,CARD_000517,16.06,USD,0,ORGANIC_NORMAL,NONE,,False,0.0,,0,NO_LIEN
TX_00000607,CARD_000541,37.26,USD,0,ORGANIC_NORMAL,NONE,,False,0.0,,0,NO_LIEN
TX_00000608,CARD_000541,31.12,USD,0,ORGANIC_NORMAL,NONE,,False,0.0,,0,NO_LIEN
TX_00000609,CARD_000541,45.19,USD,0,ORGANIC_NORMAL,NONE,,False,0.0,,0,NO_LIEN
TX_00000610,CARD_000541,43.92,USD,0,ORGANIC_NORMAL,NONE,,False,0.0,,0,NO_LIEN
TX_00000611,CARD_000541,19.83,USD,0,ORGANIC_NORMAL,NONE,,False,0.0,,0,NO_LIEN
TX_00000612,CARD_000541,35.76,USD,0,ORGANIC_NORMAL,NONE,,False,0.0,,0,NO_LIEN
TX_00000613,CARD_000541,31.42,USD,0,ORGANIC_NORMAL,NONE,,False,0.0,,0,NO_LIEN
TX_00000614,CARD_000541,635.99,USD,0,HARD_NEGATIVE_TRAVEL,NONE,,False,0.0,,0,NO_LIEN
TX_00000615,CARD_000393,705.48,USD,0,ORGANIC_NORMAL,NONE,,False,0.0,,0,NO_LIEN
TX_00000616,CARD_000393,33.53,USD,0,ORGANIC_NORMAL,NONE,,False,0.0,,0,NO_LIEN
TX_00000617,CARD_000805,193.71,USD,0,HARD_NEGATIVE_TRAVEL,NONE,,False,0.0,,0,NO_LIEN
TX_00000618,CARD_000393,58.73,USD,0,ORGANIC_NORMAL,NONE,,False,0.0,,0,NO_LIEN
TX_00000619,CARD_000393,63.64,USD,0,ORGANIC_NORMAL,NONE,,False,0.0,,0,NO_LIEN
TX_00000620,CARD_000393,107.54,USD,0,ORGANIC_NORMAL,NONE,,False,0.0,,0,NO_LIEN
TX_00000621,CARD_000364,36.25,USD,0,ORGANIC_NORMAL,NONE,,False,0.0,,0,NO_LIEN
TX_00000622,CARD_000393,111.45,USD,0,ORGANIC_NORMAL,NONE,,False,0.0,,0,NO_LIEN
TX_00000623,CARD_000364,170.33,USD,0,ORGANIC_NORMAL,NONE,,False,0.0,,0,NO_LIEN
TX_00000624,CARD_000393,76.23,USD,0,ORGANIC_NORMAL,NONE,,False,0.0,,0,NO_LIEN
TX_00000625,CARD_000364,31.32,USD,0,ORGANIC_NORMAL,NONE,,False,0.0,,0,NO_LIEN
TX_00000626,CARD_000393,165.39,USD,0,ORGANIC_NORMAL,NONE,,False,0.0,,0,NO_LIEN
TX_00000627,CARD_000364,99.57,USD,0,ORGANIC_NORMAL,NONE,,False,0.0,,0,NO_LIEN
TX_00000628,CARD_000364,54.38,USD,0,ORGANIC_NORMAL,NONE,,False,0.0,,0,NO_LIEN
TX_00000629,CARD_000898,8.62,USD,0,ORGANIC_NORMAL,NONE,,False,0.0,,0,NO_LIEN
TX_00000630,CARD_000520,32.01,USD,0,ORGANIC_NORMAL,NONE,,False,0.0,,0,NO_LIEN
TX_00000631,CARD_000520,29.38,USD,0,ORGANIC_NORMAL,NONE,,False,0.0,,0,NO_LIEN
TX_00000632,CARD_000600,37.01,USD,0,ORGANIC_NORMAL,NONE,,False,0.0,,0,NO_LIEN
TX_00000633,CARD_000600,40.07,USD,0,ORGANIC_NORMAL,NONE,,False,0.0,,0,NO_LIEN
TX_00000634,CARD_000600,62.45,USD,0,ORGANIC_NORMAL,NONE,,False,0.0,,0,NO_LIEN
TX_00000635,CARD_000404,40.22,USD,0,ORGANIC_NORMAL,NONE,,False,0.0,,0,NO_LIEN
TX_00000636,CARD_000826,22.78,USD,0,ORGANIC_NORMAL,NONE,,False,0.0,,0,NO_LIEN
TX_00000637,CARD_000404,28.97,USD,0,ORGANIC_NORMAL,NONE,,False,0.0,,0,NO_LIEN
TX_00000638,CARD_000458,74.58,USD,0,ORGANIC_NORMAL,NONE,,False,0.0,,0,NO_LIEN
TX_00000639,CARD_000989,18.29,USD,0,ORGANIC_NORMAL,NONE,,False,0.0,,0,NO_LIEN
TX_00000640,CARD_000466,9.9,USD,0,ORGANIC_NORMAL,NONE,,False,0.0,,0,NO_LIEN
TX_00000641,CARD_000418,23.0,USD,0,ORGANIC_NORMAL,NONE,,False,0.0,,0,NO_LIEN
TX_00000642,CARD_000418,46.27,USD,0,ORGANIC_NORMAL,NONE,,False,0.0,,0,NO_LIEN
TX_00000643,CARD_000418,46.58,USD,0,ORGANIC_NORMAL,NONE,,False,0.0,,0,NO_LIEN
TX_00000644,CARD_000844,35.36,USD,0,ORGANIC_NORMAL,NONE,,False,0.0,,0,NO_LIEN
TX_00000645,CARD_000844,53.87,USD,0,ORGANIC_NORMAL,NONE,,False,0.0,,0,NO_LIEN
TX_00000646,CARD_000844,76.64,USD,0,ORGANIC_NORMAL,NONE,,False,0.0,,0,NO_LIEN
TX_00000647,CARD_000844,67.75,USD,0,ORGANIC_NORMAL,NONE,,False,0.0,,0,NO_LIEN
TX_00000648,CARD_000561,57.89,USD,0,ORGANIC_NORMAL,NONE,,False,0.0,,0,NO_LIEN
TX_00000649,CARD_000844,3.53,USD,0,ORGANIC_NORMAL,NONE,,False,0.0,,0,NO_LIEN
TX_00000650,CARD_000844,39.26,USD,0,ORGANIC_NORMAL,NONE,,False,0.0,,0,NO_LIEN
TX_00000651,CARD_000844,71.1,USD,0,ORGANIC_NORMAL,NONE,,False,0.0,,0,NO_LIEN
TX_00000652,CARD_000844,25.43,USD,0,ORGANIC_NORMAL,NONE,,False,0.0,,0,NO_LIEN
TX_00000653,CARD_000844,12.26,USD,0,ORGANIC_NORMAL,NONE,,False,0.0,,0,NO_LIEN
TX_00000654,CARD_000837,15.99,USD,0,ORGANIC_NORMAL,NONE,,False,0.0,,0,NO_LIEN
TX_00000655,CARD_000844,683.48,USD,0,HARD_NEGATIVE_EMERGENCY,NONE,,False,0.0,,0,NO_LIEN
TX_00000656,CARD_000844,44.43,USD,0,ORGANIC_NORMAL,NONE,,False,0.0,,0,NO_LIEN
TX_00000657,CARD_000362,34.83,USD,0,ORGANIC_NORMAL,NONE,,False,0.0,,0,NO_LIEN
TX_00000658,CARD_000362,2.63,USD,0,ORGANIC_NORMAL,NONE,,False,0.0,,0,NO_LIEN
TX_00000659,CARD_000362,3.04,USD,0,ORGANIC_NORMAL,NONE,,False,0.0,,0,NO_LIEN
TX_00000660,CARD_000362,24.43,USD,0,ORGANIC_NORMAL,NONE,,False,0.0,,0,NO_LIEN
TX_00000661,CARD_000362,75.03,USD,0,ORGANIC_NORMAL,NONE,,False,0.0,,0,NO_LIEN
TX_00000662,CARD_000362,243.59,USD,0,ORGANIC_NORMAL,NONE,,False,0.0,,0,NO_LIEN
TX_00000663,CARD_000362,64.88,USD,0,ORGANIC_NORMAL,NONE,,False,0.0,,0,NO_LIEN
TX_00000664,CARD_000362,94.69,USD,0,ORGANIC_NORMAL,NONE,,False,0.0,,0,NO_LIEN
TX_00000665,CARD_000362,35.66,USD,0,ORGANIC_NORMAL,NONE,,False,0.0,,0,NO_LIEN
TX_00000666,CARD_000743,450.0,USD,0,ORGANIC_NORMAL,NONE,,False,0.0,,0,NO_LIEN
TX_00000667,CARD_000205,23.2,USD,0,ORGANIC_NORMAL,NONE,,False,0.0,,0,NO_LIEN
TX_00000668,CARD_000205,23.03,USD,0,ORGANIC_NORMAL,NONE,,False,0.0,,0,NO_LIEN
TX_00000669,CARD_000205,52.52,USD,0,ORGANIC_NORMAL,NONE,,False,0.0,,0,NO_LIEN
TX_00000670,CARD_000744,214.49,USD,0,ORGANIC_NORMAL,NONE,,False,0.0,,0,NO_LIEN
TX_00000671,CARD_000857,61.7,USD,0,ORGANIC_NORMAL,NONE,,False,0.0,,0,NO_LIEN
TX_00000672,CARD_000857,172.23,USD,0,ORGANIC_NORMAL,NONE,,False,0.0,,0,NO_LIEN
TX_00000673,CARD_000219,1.61,USD,1,INTENT_OMEGA_PROBE,FIRST_CHARGEBACK,10.4,False,0.0,,0,NO_LIEN
TX_00000674,CARD_000038,56.74,USD,0,ORGANIC_NORMAL,NONE,,False,0.0,,0,NO_LIEN
TX_00000675,CARD_000037,1224.02,USD,1,INTENT_OMEGA_HARVEST,FIRST_CHARGEBACK,10.4,False,500.0,,0,NO_LIEN
TX_00000676,CARD_000403,10.94,USD,0,ORGANIC_NORMAL,NONE,,False,0.0,,0,NO_LIEN
TX_00000677,CARD_000643,241.38,USD,0,ORGANIC_NORMAL,NONE,,False,0.0,,0,NO_LIEN
TX_00000678,CARD_000643,74.23,USD,0,ORGANIC_NORMAL,NONE,,False,0.0,,0,NO_LIEN
TX_00000679,CARD_000646,45.15,USD,0,ORGANIC_NORMAL,NONE,,False,0.0,,0,NO_LIEN
TX_00000680,CARD_000560,122.95,USD,0,ORGANIC_NORMAL,NONE,,False,0.0,,0,NO_LIEN
TX_00000681,CARD_000287,8.1,USD,0,ORGANIC_NORMAL,NONE,,False,0.0,,0,NO_LIEN
TX_00000682,CARD_000567,38.17,USD,0,ORGANIC_NORMAL,NONE,,False,0.0,,0,NO_LIEN
TX_00000683,CARD_000567,30.04,USD,0,ORGANIC_NORMAL,NONE,,False,0.0,,0,NO_LIEN
TX_00000684,CARD_000567,87.29,USD,0,ORGANIC_NORMAL,NONE,,False,0.0,,0,NO_LIEN
TX_00000685,CARD_000567,26.72,USD,0,ORGANIC_NORMAL,NONE,,False,0.0,,0,NO_LIEN
TX_00000686,CARD_000745,48.2,USD,0,ORGANIC_NORMAL,NONE,,False,0.0,,0,NO_LIEN
TX_00000687,CARD_000567,67.43,USD,0,ORGANIC_NORMAL,NONE,,False,0.0,,0,NO_LIEN
TX_00000688,CARD_000400,59.67,USD,0,ORGANIC_NORMAL,NONE,,False,0.0,,0,NO_LIEN
TX_00000689,CARD_000633,254.36,USD,0,HARD_NEGATIVE_TRAVEL,NONE,,False,0.0,,0,NO_LIEN
TX_00000690,CARD_000567,7.2,USD,0,ORGANIC_NORMAL,NONE,,False,0.0,,0,NO_LIEN
TX_00000691,CARD_000567,30.85,USD,0,ORGANIC_NORMAL,NONE,,False,0.0,,0,NO_LIEN
TX_00000692,CARD_000074,70.42,USD,0,ORGANIC_NORMAL,NONE,,False,0.0,,0,NO_LIEN
TX_00000693,CARD_000567,142.02,USD,0,ORGANIC_NORMAL,NONE,,False,0.0,,0,NO_LIEN
TX_00000694,CARD_000174,276.08,USD,0,ORGANIC_NORMAL,NONE,,False,0.0,,0,NO_LIEN
TX_00000695,CARD_000567,60.74,USD,0,ORGANIC_NORMAL,NONE,,False,0.0,,0,NO_LIEN
TX_00000696,CARD_000174,65.97,USD,0,ORGANIC_NORMAL,NONE,,False,0.0,,0,NO_LIEN
TX_00000697,CARD_000567,44.9,USD,0,ORGANIC_NORMAL,NONE,,False,0.0,,0,NO_LIEN
TX_00000698,CARD_000174,40.59,USD,0,ORGANIC_NORMAL,NONE,,False,0.0,,0,NO_LIEN
TX_00000699,CARD_000174,19.09,USD,0,ORGANIC_NORMAL,NONE,,False,0.0,,0,NO_LIEN
TX_00000700,CARD_000852,34.13,USD,0,ORGANIC_NORMAL,NONE,,False,0.0,,0,NO_LIEN
TX_00000701,CARD_000567,21.26,USD,0,ORGANIC_NORMAL,NONE,,False,0.0,,0,NO_LIEN
TX_00000702,CARD_000069,54.84,USD,0,ORGANIC_NORMAL,NONE,,False,0.0,,0,NO_LIEN
TX_00000703,CARD_000993,18.68,USD,0,ORGANIC_NORMAL,NONE,,False,0.0,,0,NO_LIEN
TX_00000704,CARD_000069,83.75,USD,0,ORGANIC_NORMAL,NONE,,False,0.0,,0,NO_LIEN
TX_00000705,CARD_000174,15.26,USD,0,ORGANIC_NORMAL,NONE,,False,0.0,,0,NO_LIEN
TX_00000706,CARD_000852,30.71,USD,0,ORGANIC_NORMAL,NONE,,False,0.0,,0,NO_LIEN
TX_00000707,CARD_000174,12.02,USD,0,ORGANIC_NORMAL,NONE,,False,0.0,,0,NO_LIEN
TX_00000708,CARD_000993,9.61,USD,0,ORGANIC_NORMAL,NONE,,False,0.0,,0,NO_LIEN
TX_00000709,CARD_000174,54.43,USD,0,ORGANIC_NORMAL,NONE,,False,0.0,,0,NO_LIEN
TX_00000710,CARD_000993,28.83,USD,0,ORGANIC_NORMAL,NONE,,False,0.0,,0,NO_LIEN
TX_00000711,CARD_000852,14.44,USD,0,ORGANIC_NORMAL,NONE,,False,0.0,,0,NO_LIEN
TX_00000712,CARD_000852,45.25,USD,0,ORGANIC_NORMAL,NONE,,False,0.0,,0,NO_LIEN
TX_00000713,CARD_000993,6.33,USD,0,ORGANIC_NORMAL,NONE,,False,0.0,,0,NO_LIEN
TX_00000714,CARD_000993,14.87,USD,0,ORGANIC_NORMAL,NONE,,False,0.0,,0,NO_LIEN
TX_00000715,CARD_000852,55.97,USD,0,ORGANIC_NORMAL,NONE,,False,0.0,,0,NO_LIEN
TX_00000716,CARD_000993,14.29,USD,0,ORGANIC_NORMAL,NONE,,False,0.0,,0,NO_LIEN
TX_00000717,CARD_000993,20.56,USD,0,ORGANIC_NORMAL,NONE,,False,0.0,,0,NO_LIEN
TX_00000718,CARD_000852,29.66,USD,0,ORGANIC_NORMAL,NONE,,False,0.0,,0,NO_LIEN
TX_00000719,CARD_000993,16.53,USD,0,ORGANIC_NORMAL,NONE,,False,0.0,,0,NO_LIEN
TX_00000720,CARD_000993,27.41,USD,0,ORGANIC_NORMAL,NONE,,False,0.0,,0,NO_LIEN
TX_00000721,CARD_000993,10.04,USD,0,ORGANIC_NORMAL,NONE,,False,0.0,,0,NO_LIEN
TX_00000722,CARD_000167,36.06,USD,0,ORGANIC_NORMAL,NONE,,False,0.0,,0,NO_LIEN
TX_00000723,CARD_000852,11.33,USD,0,ORGANIC_NORMAL,NONE,,False,0.0,,0,NO_LIEN
TX_00000724,CARD_000993,19.49,USD,0,ORGANIC_NORMAL,NONE,,False,0.0,,0,NO_LIEN
TX_00000725,CARD_000852,134.3,USD,0,ORGANIC_NORMAL,NONE,,False,0.0,,0,NO_LIEN
TX_00000726,CARD_000167,250.0,USD,0,ORGANIC_NORMAL,NONE,,False,0.0,,0,NO_LIEN
TX_00000727,CARD_000852,180.28,USD,0,ORGANIC_NORMAL,NONE,,False,0.0,,0,NO_LIEN
TX_00000728,CARD_000167,41.76,USD,0,ORGANIC_NORMAL,NONE,,False,0.0,,0,NO_LIEN
TX_00000729,CARD_000993,10.61,USD,0,ORGANIC_NORMAL,NONE,,False,0.0,,0,NO_LIEN
TX_00000730,CARD_000167,90.0,USD,0,ORGANIC_NORMAL,NONE,,False,0.0,,0,NO_LIEN
TX_00000731,CARD_000993,16.68,USD,0,ORGANIC_NORMAL,NONE,,False,0.0,,0,NO_LIEN
TX_00000732,CARD_000993,32.75,USD,0,ORGANIC_NORMAL,NONE,,False,0.0,,0,NO_LIEN
TX_00000733,CARD_000867,55.61,USD,0,ORGANIC_NORMAL,NONE,,False,0.0,,0,NO_LIEN
TX_00000734,CARD_000625,12.78,USD,0,ORGANIC_NORMAL,NONE,,False,0.0,,0,NO_LIEN
TX_00000735,CARD_000625,32.67,USD,0,ORGANIC_NORMAL,NONE,,False,0.0,,0,NO_LIEN
TX_00000736,CARD_000625,14.84,USD,0,ORGANIC_NORMAL,NONE,,False,0.0,,0,NO_LIEN
TX_00000737,CARD_000625,26.8,USD,0,ORGANIC_NORMAL,NONE,,False,0.0,,0,NO_LIEN
TX_00000738,CARD_000631,78.91,USD,0,ORGANIC_NORMAL,NONE,,False,0.0,,0,NO_LIEN
TX_00000739,CARD_000631,1468.42,USD,0,ORGANIC_NORMAL,NONE,,False,0.0,,0,NO_LIEN
TX_00000740,CARD_000625,16.98,USD,0,ORGANIC_NORMAL,NONE,,False,0.0,,0,NO_LIEN
TX_00000741,CARD_000625,23.42,USD,0,ORGANIC_NORMAL,NONE,,False,0.0,,0,NO_LIEN
TX_00000742,CARD_000625,5.15,USD,0,ORGANIC_NORMAL,NONE,,False,0.0,,0,NO_LIEN
TX_00000743,CARD_000631,138.44,USD,0,ORGANIC_NORMAL,NONE,,False,0.0,,0,NO_LIEN
TX_00000744,CARD_000631,126.4,USD,0,ORGANIC_NORMAL,NONE,,False,0.0,,0,NO_LIEN
TX_00000745,CARD_000631,306.4,USD,0,ORGANIC_NORMAL,NONE,,False,0.0,,0,NO_LIEN
TX_00000746,CARD_000631,120.68,USD,0,ORGANIC_NORMAL,NONE,,False,0.0,,0,NO_LIEN
TX_00000747,CARD_000631,76.31,USD,0,ORGANIC_NORMAL,NONE,,False,0.0,,0,NO_LIEN
TX_00000748,CARD_000240,53.53,USD,0,ORGANIC_NORMAL,NONE,,False,0.0,,0,NO_LIEN
TX_00000749,CARD_000240,54.62,USD,0,ORGANIC_NORMAL,NONE,,False,0.0,,0,NO_LIEN
TX_00000750,CARD_000240,72.24,USD,0,ORGANIC_NORMAL,NONE,,False,0.0,,0,NO_LIEN
TX_00000751,CARD_000240,50.2,USD,0,ORGANIC_NORMAL,NONE,,False,0.0,,0,NO_LIEN
TX_00000752,CARD_000240,40.99,USD,0,ORGANIC_NORMAL,NONE,,False,0.0,,0,NO_LIEN
TX_00000753,CARD_000240,23.47,USD,0,ORGANIC_NORMAL,NONE,,False,0.0,,0,NO_LIEN
TX_00000754,CARD_000204,13.71,USD,0,ORGANIC_NORMAL,NONE,,False,0.0,,0,NO_LIEN
TX_00000755,CARD_000240,76.38,USD,0,ORGANIC_NORMAL,NONE,,False,0.0,,0,NO_LIEN
TX_00000756,CARD_000240,164.58,USD,0,ORGANIC_NORMAL,NONE,,False,0.0,,0,NO_LIEN
TX_00000757,CARD_000240,76.44,USD,0,ORGANIC_NORMAL,NONE,,False,0.0,,0,NO_LIEN
TX_00000758,CARD_000240,40.43,USD,0,ORGANIC_NORMAL,NONE,,False,0.0,,0,NO_LIEN
TX_00000759,CARD_000240,34.9,USD,0,ORGANIC_NORMAL,NONE,,False,0.0,,0,NO_LIEN
TX_00000760,CARD_000214,9.86,USD,0,ORGANIC_NORMAL,NONE,,False,0.0,,0,NO_LIEN
TX_00000761,CARD_000671,142.43,USD,0,ORGANIC_NORMAL,NONE,,False,0.0,,0,NO_LIEN
TX_00000762,CARD_000214,100.77,USD,0,ORGANIC_NORMAL,NONE,,False,0.0,,0,NO_LIEN
TX_00000763,CARD_000013,30.16,USD,0,ORGANIC_NORMAL,NONE,,False,0.0,,0,NO_LIEN
TX_00000764,CARD_000013,153.72,USD,0,ORGANIC_NORMAL,NONE,,False,0.0,,0,NO_LIEN
TX_00000765,CARD_000013,50.25,USD,0,ORGANIC_NORMAL,NONE,,False,0.0,,0,NO_LIEN
TX_00000766,CARD_000013,565.62,USD,0,HARD_NEGATIVE_RELOCATION,NONE,,False,0.0,,0,NO_LIEN
TX_00000767,CARD_000013,423.17,USD,0,HARD_NEGATIVE_RELOCATION,NONE,,False,0.0,,0,NO_LIEN
TX_00000768,CARD_000006,56.32,USD,0,ORGANIC_NORMAL,NONE,,False,0.0,,0,NO_LIEN
TX_00000769,CARD_000131,65.87,USD,0,ORGANIC_NORMAL,NONE,,False,0.0,,0,NO_LIEN
TX_00000770,CARD_000809,7.41,USD,0,ORGANIC_NORMAL,NONE,,False,0.0,,0,NO_LIEN
TX_00000771,CARD_000809,31.74,USD,0,ORGANIC_NORMAL,NONE,,False,0.0,,0,NO_LIEN
TX_00000772,CARD_000809,15.06,USD,0,ORGANIC_NORMAL,NONE,,False,0.0,,0,NO_LIEN
TX_00000773,CARD_000809,10.92,USD,0,ORGANIC_NORMAL,NONE,,False,0.0,,0,NO_LIEN
TX_00000774,CARD_000300,9.03,USD,0,ORGANIC_NORMAL,NONE,,False,0.0,,0,NO_LIEN
TX_00000775,CARD_000300,13.62,USD,0,ORGANIC_NORMAL,NONE,,False,0.0,,0,NO_LIEN
TX_00000776,CARD_000324,380.89,USD,0,HARD_NEGATIVE_TRAVEL,NONE,,False,0.0,,0,NO_LIEN
TX_00000777,CARD_000324,423.52,USD,0,HARD_NEGATIVE_TRAVEL,NONE,,False,0.0,,0,NO_LIEN
TX_00000778,CARD_000523,146.19,USD,0,ORGANIC_NORMAL,NONE,,False,0.0,,0,NO_LIEN
TX_00000779,CARD_000523,92.5,USD,0,ORGANIC_NORMAL,NONE,,False,0.0,,0,NO_LIEN
TX_00000780,CARD_000654,8.31,USD,0,ORGANIC_NORMAL,NONE,,False,0.0,,0,NO_LIEN
TX_00000781,CARD_000728,190.37,USD,0,ORGANIC_NORMAL,NONE,,False,0.0,,0,NO_LIEN
TX_00000782,CARD_000728,34.77,USD,0,ORGANIC_NORMAL,NONE,,False,0.0,,0,NO_LIEN
TX_00000783,CARD_000728,25.35,USD,0,ORGANIC_NORMAL,NONE,,False,0.0,,0,NO_LIEN
TX_00000784,CARD_000504,34.61,USD,0,ORGANIC_NORMAL,NONE,,False,0.0,,0,NO_LIEN
TX_00000785,CARD_000462,70.16,USD,0,ORGANIC_NORMAL,NONE,,False,0.0,,0,NO_LIEN
TX_00000786,CARD_000462,48.5,USD,0,ORGANIC_NORMAL,NONE,,False,0.0,,0,NO_LIEN
TX_00000787,CARD_000186,40.2,USD,0,ORGANIC_NORMAL,NONE,,False,0.0,,0,NO_LIEN
TX_00000788,CARD_000320,14.44,USD,0,ORGANIC_NORMAL,NONE,,False,0.0,,0,NO_LIEN
TX_00000789,CARD_000462,18.95,USD,0,ORGANIC_NORMAL,NONE,,False,0.0,,0,NO_LIEN
TX_00000790,CARD_000462,8.55,USD,0,ORGANIC_NORMAL,NONE,,False,0.0,,0,NO_LIEN
TX_00000791,CARD_000186,27.64,USD,0,ORGANIC_NORMAL,NONE,,False,0.0,,0,NO_LIEN
TX_00000792,CARD_000772,85.59,USD,0,ORGANIC_NORMAL,NONE,,False,0.0,,0,NO_LIEN
TX_00000793,CARD_000772,65.98,USD,0,ORGANIC_NORMAL,NONE,,False,0.0,,0,NO_LIEN
TX_00000794,CARD_000772,122.5,USD,0,ORGANIC_NORMAL,NONE,,False,0.0,,0,NO_LIEN
TX_00000795,CARD_000772,185.65,USD,0,ORGANIC_NORMAL,NONE,,False,0.0,,0,NO_LIEN
TX_00000796,CARD_000527,46.8,USD,0,ORGANIC_NORMAL,NONE,,False,0.0,,0,NO_LIEN
TX_00000797,CARD_000235,24.4,USD,0,ORGANIC_NORMAL,NONE,,False,0.0,,0,NO_LIEN
TX_00000798,CARD_000949,24.56,USD,0,ORGANIC_NORMAL,NONE,,False,0.0,,0,NO_LIEN
TX_00000799,CARD_000949,22.27,USD,0,ORGANIC_NORMAL,NONE,,False,0.0,,0,NO_LIEN
TX_00000800,CARD_000833,7.21,USD,1,INTENT_OMEGA_PROBE,NONE,,False,0.0,,0,NO_LIEN
TX_00000801,CARD_000998,86.51,USD,0,ORGANIC_NORMAL,NONE,,False,0.0,,0,NO_LIEN
TX_00000802,CARD_000194,51.97,USD,0,ORGANIC_NORMAL,NONE,,False,0.0,,0,NO_LIEN
TX_00000803,CARD_000194,206.35,USD,0,ORGANIC_NORMAL,NONE,,False,0.0,,0,NO_LIEN
TX_00000804,CARD_000194,50.36,USD,0,ORGANIC_NORMAL,NONE,,False,0.0,,0,NO_LIEN
TX_00000805,CARD_000194,19.28,USD,0,ORGANIC_NORMAL,NONE,,False,0.0,,0,NO_LIEN
TX_00000806,CARD_000492,42.21,USD,0,ORGANIC_NORMAL,NONE,,False,0.0,,0,NO_LIEN
TX_00000807,CARD_000194,34.2,USD,0,ORGANIC_NORMAL,NONE,,False,0.0,,0,NO_LIEN
TX_00000808,CARD_000194,69.46,USD,0,ORGANIC_NORMAL,NONE,,False,0.0,,0,NO_LIEN
TX_00000809,CARD_000593,31.67,USD,0,ORGANIC_NORMAL,NONE,,False,0.0,,0,NO_LIEN
TX_00000810,CARD_000194,446.68,USD,0,ORGANIC_NORMAL,NONE,,False,0.0,,0,NO_LIEN
TX_00000811,CARD_000194,42.12,USD,0,ORGANIC_NORMAL,NONE,,False,0.0,,0,NO_LIEN
TX_00000812,CARD_000593,17.53,USD,0,ORGANIC_NORMAL,NONE,,False,0.0,,0,NO_LIEN
TX_00000813,CARD_000593,28.18,USD,0,ORGANIC_NORMAL,NONE,,False,0.0,,0,NO_LIEN
TX_00000814,CARD_000593,7.57,USD,0,ORGANIC_NORMAL,NONE,,False,0.0,,0,NO_LIEN
TX_00000815,CARD_000593,24.62,USD,0,ORGANIC_NORMAL,NONE,,False,0.0,,0,NO_LIEN
TX_00000816,CARD_000377,10.35,USD,0,ORGANIC_NORMAL,NONE,,False,0.0,,0,NO_LIEN
TX_00000817,CARD_000133,24.37,USD,0,ORGANIC_NORMAL,NONE,,False,0.0,,0,NO_LIEN
TX_00000818,CARD_000377,18.86,USD,0,ORGANIC_NORMAL,NONE,,False,0.0,,0,NO_LIEN
TX_00000819,CARD_000377,27.53,USD,0,ORGANIC_NORMAL,NONE,,False,0.0,,0,NO_LIEN
TX_00000820,CARD_000377,8.36,USD,0,ORGANIC_NORMAL,NONE,,False,0.0,,0,NO_LIEN
TX_00000821,CARD_000377,22.79,USD,0,ORGANIC_NORMAL,NONE,,False,0.0,,0,NO_LIEN
TX_00000822,CARD_000463,45.68,USD,0,ORGANIC_NORMAL,NONE,,False,0.0,,0,NO_LIEN
TX_00000823,CARD_000342,22.44,USD,0,ORGANIC_NORMAL,NONE,,False,0.0,,0,NO_LIEN
TX_00000824,CARD_000342,31.87,USD,0,ORGANIC_NORMAL,NONE,,False,0.0,,0,NO_LIEN
TX_00000825,CARD_000342,74.33,USD,0,ORGANIC_NORMAL,NONE,,False,0.0,,0,NO_LIEN
TX_00000826,CARD_000165,10.19,USD,0,ORGANIC_NORMAL,NONE,,False,0.0,,0,NO_LIEN
TX_00000827,CARD_000342,30.92,USD,0,ORGANIC_NORMAL,NONE,,False,0.0,,0,NO_LIEN
TX_00000828,CARD_000342,118.99,USD,0,ORGANIC_NORMAL,NONE,,False,0.0,,0,NO_LIEN
TX_00000829,CARD_000367,80.9,USD,0,ORGANIC_NORMAL,NONE,,False,0.0,,0,NO_LIEN
TX_00000830,CARD_000687,88.13,USD,0,ORGANIC_NORMAL,NONE,,False,0.0,,0,NO_LIEN
TX_00000831,CARD_000186,34.29,USD,0,ORGANIC_NORMAL,NONE,,False,0.0,,0,NO_LIEN
TX_00000832,CARD_000687,16.12,USD,0,ORGANIC_NORMAL,NONE,,False,0.0,,0,NO_LIEN
TX_00000833,CARD_000037,1086.67,USD,1,INTENT_OMEGA_HARVEST,NONE,,False,0.0,,0,NO_LIEN
TX_00000834,CARD_000607,80.0,USD,0,ORGANIC_NORMAL,NONE,,False,0.0,,0,NO_LIEN
TX_00000835,CARD_000791,30.36,USD,0,ORGANIC_NORMAL,NONE,,False,0.0,,0,NO_LIEN
TX_00000836,CARD_000201,126.87,USD,0,ORGANIC_NORMAL,NONE,,False,0.0,,0,NO_LIEN
TX_00000837,CARD_000249,19.76,USD,0,ORGANIC_NORMAL,NONE,,False,0.0,,0,NO_LIEN
TX_00000838,CARD_000573,6.11,USD,0,ORGANIC_NORMAL,NONE,,False,0.0,,0,NO_LIEN
TX_00000839,CARD_000211,154.52,USD,0,ORGANIC_NORMAL,NONE,,False,0.0,,0,NO_LIEN
TX_00000840,CARD_000211,26.65,USD,0,ORGANIC_NORMAL,NONE,,False,0.0,,0,NO_LIEN
TX_00000841,CARD_000901,76.61,USD,0,ORGANIC_NORMAL,NONE,,False,0.0,,0,NO_LIEN
TX_00000842,CARD_000543,37.84,USD,0,ORGANIC_NORMAL,NONE,,False,0.0,,0,NO_LIEN
TX_00000843,CARD_000945,3.94,USD,0,ORGANIC_NORMAL,NONE,,False,0.0,,0,NO_LIEN
TX_00000844,CARD_000976,30.01,USD,0,ORGANIC_NORMAL,NONE,,False,0.0,,0,NO_LIEN
TX_00000845,CARD_000064,73.79,USD,0,ORGANIC_NORMAL,NONE,,False,0.0,,0,NO_LIEN
TX_00000846,CARD_000976,47.5,USD,0,ORGANIC_NORMAL,NONE,,False,0.0,,0,NO_LIEN
TX_00000847,CARD_000976,62.54,USD,0,ORGANIC_NORMAL,NONE,,False,0.0,,0,NO_LIEN
TX_00000848,CARD_000053,98.65,USD,0,ORGANIC_NORMAL,NONE,,False,0.0,,0,NO_LIEN
TX_00000849,CARD_000976,18.75,USD,0,ORGANIC_NORMAL,NONE,,False,0.0,,0,NO_LIEN
TX_00000850,CARD_000053,25.21,USD,0,ORGANIC_NORMAL,NONE,,False,0.0,,0,NO_LIEN
TX_00000851,CARD_000053,95.99,USD,0,ORGANIC_NORMAL,NONE,,False,0.0,,0,NO_LIEN
TX_00000852,CARD_000976,53.23,USD,0,ORGANIC_NORMAL,NONE,,False,0.0,,0,NO_LIEN
TX_00000853,CARD_000053,42.46,USD,0,ORGANIC_NORMAL,NONE,,False,0.0,,0,NO_LIEN
TX_00000854,CARD_000182,749.97,USD,0,HARD_NEGATIVE_EMERGENCY,NONE,,False,0.0,,0,NO_LIEN
TX_00000855,CARD_000182,20.37,USD,0,ORGANIC_NORMAL,NONE,,False,0.0,,0,NO_LIEN
TX_00000856,CARD_000536,20.86,USD,0,ORGANIC_NORMAL,NONE,,False,0.0,,0,NO_LIEN
TX_00000857,CARD_000536,83.13,USD,0,ORGANIC_NORMAL,NONE,,False,0.0,,0,NO_LIEN
TX_00000858,CARD_000053,34.69,USD,0,ORGANIC_NORMAL,NONE,,False,0.0,,0,NO_LIEN
TX_00000859,CARD_000053,19.42,USD,0,ORGANIC_NORMAL,NONE,,False,0.0,,0,NO_LIEN
TX_00000860,CARD_000053,40.74,USD,0,ORGANIC_NORMAL,NONE,,False,0.0,,0,NO_LIEN
TX_00000861,CARD_000053,57.91,USD,0,ORGANIC_NORMAL,NONE,,False,0.0,,0,NO_LIEN
TX_00000862,CARD_000570,93.75,USD,0,ORGANIC_NORMAL,NONE,,False,0.0,,0,NO_LIEN
TX_00000863,CARD_000053,69.85,USD,0,ORGANIC_NORMAL,NONE,,False,0.0,,0,NO_LIEN
TX_00000864,CARD_000053,22.44,USD,0,ORGANIC_NORMAL,NONE,,False,0.0,,0,NO_LIEN
TX_00000865,CARD_000053,254.89,USD,0,ORGANIC_NORMAL,NONE,,False,0.0,,0,NO_LIEN
TX_00000866,CARD_000053,30.42,USD,0,ORGANIC_NORMAL,NONE,,False,0.0,,0,NO_LIEN
TX_00000867,CARD_000053,18.48,USD,0,ORGANIC_NORMAL,NONE,,False,0.0,,0,NO_LIEN
TX_00000868,CARD_000053,106.8,USD,0,ORGANIC_NORMAL,NONE,,False,0.0,,0,NO_LIEN
TX_00000869,CARD_000053,17.39,USD,0,ORGANIC_NORMAL,NONE,,False,0.0,,0,NO_LIEN
TX_00000870,CARD_000224,73.93,USD,0,ORGANIC_NORMAL,NONE,,False,0.0,,0,NO_LIEN
TX_00000871,CARD_000053,39.26,USD,0,ORGANIC_NORMAL,NONE,,False,0.0,,0,NO_LIEN
TX_00000872,CARD_000224,23.32,USD,0,ORGANIC_NORMAL,NONE,,False,0.0,,0,NO_LIEN
TX_00000873,CARD_000053,40.29,USD,0,ORGANIC_NORMAL,NONE,,False,0.0,,0,NO_LIEN
TX_00000874,CARD_000224,88.57,USD,0,ORGANIC_NORMAL,NONE,,False,0.0,,0,NO_LIEN
TX_00000875,CARD_000053,1.43,USD,0,ORGANIC_NORMAL,NONE,,False,0.0,,0,NO_LIEN
TX_00000876,CARD_000224,37.07,USD,0,ORGANIC_NORMAL,NONE,,False,0.0,,0,NO_LIEN
TX_00000877,CARD_000224,70.11,USD,0,ORGANIC_NORMAL,NONE,,False,0.0,,0,NO_LIEN
TX_00000878,CARD_000053,35.66,USD,0,ORGANIC_NORMAL,NONE,,False,0.0,,0,NO_LIEN
TX_00000879,CARD_000224,197.32,USD,0,ORGANIC_NORMAL,NONE,,False,0.0,,0,NO_LIEN
TX_00000880,CARD_000224,76.48,USD,0,ORGANIC_NORMAL,NONE,,False,0.0,,0,NO_LIEN
TX_00000881,CARD_000224,1017.62,USD,0,ORGANIC_NORMAL,NONE,,False,0.0,,0,NO_LIEN
TX_00000882,CARD_000053,40.35,USD,0,ORGANIC_NORMAL,NONE,,False,0.0,,0,NO_LIEN
TX_00000883,CARD_000224,39.21,USD,0,ORGANIC_NORMAL,NONE,,False,0.0,,0,NO_LIEN
TX_00000884,CARD_000053,47.86,USD,0,ORGANIC_NORMAL,NONE,,False,0.0,,0,NO_LIEN
TX_00000885,CARD_000053,28.1,USD,0,ORGANIC_NORMAL,NONE,,False,0.0,,0,NO_LIEN
TX_00000886,CARD_000053,34.37,USD,0,ORGANIC_NORMAL,NONE,,False,0.0,,0,NO_LIEN
TX_00000887,CARD_000224,201.97,USD,0,ORGANIC_NORMAL,NONE,,False,0.0,,0,NO_LIEN
TX_00000888,CARD_000812,54.47,USD,0,ORGANIC_NORMAL,NONE,,False,0.0,,0,NO_LIEN
TX_00000889,CARD_000224,101.21,USD,0,ORGANIC_NORMAL,NONE,,False,0.0,,0,NO_LIEN
TX_00000890,CARD_000226,24.92,USD,0,ORGANIC_NORMAL,NONE,,False,0.0,,0,NO_LIEN
TX_00000891,CARD_000224,76.09,USD,0,ORGANIC_NORMAL,NONE,,False,0.0,,0,NO_LIEN
TX_00000892,CARD_000814,342.85,USD,0,ORGANIC_NORMAL,NONE,,False,0.0,,0,NO_LIEN
TX_00000893,CARD_000464,31.77,USD,0,ORGANIC_NORMAL,NONE,,False,0.0,,0,NO_LIEN
TX_00000894,CARD_000237,50.37,USD,0,ORGANIC_NORMAL,NONE,,False,0.0,,0,NO_LIEN
TX_00000895,CARD_000237,53.2,USD,0,ORGANIC_NORMAL,NONE,,False,0.0,,0,NO_LIEN
TX_00000896,CARD_000980,62.81,USD,0,ORGANIC_NORMAL,NONE,,False,0.0,,0,NO_LIEN
TX_00000897,CARD_000483,23.48,USD,0,ORGANIC_NORMAL,NONE,,False,0.0,,0,NO_LIEN
TX_00000898,CARD_000483,51.22,USD,0,ORGANIC_NORMAL,NONE,,False,0.0,,0,NO_LIEN
TX_00000899,CARD_000483,27.51,USD,0,ORGANIC_NORMAL,NONE,,False,0.0,,0,NO_LIEN
TX_00000900,CARD_000483,51.39,USD,0,ORGANIC_NORMAL,NONE,,False,0.0,,0,NO_LIEN
TX_00000901,CARD_000483,24.56,USD,0,ORGANIC_NORMAL,NONE,,False,0.0,,0,NO_LIEN
TX_00000902,CARD_000483,84.18,USD,0,ORGANIC_NORMAL,NONE,,False,0.0,,0,NO_LIEN
TX_00000903,CARD_000483,65.96,USD,0,ORGANIC_NORMAL,NONE,,False,0.0,,0,NO_LIEN
TX_00000904,CARD_000701,48.9,USD,0,ORGANIC_NORMAL,NONE,,False,0.0,,0,NO_LIEN
TX_00000905,CARD_000962,23.8,USD,0,ORGANIC_NORMAL,NONE,,False,0.0,,0,NO_LIEN
TX_00000906,CARD_000635,161.37,USD,0,ORGANIC_NORMAL,NONE,,False,0.0,,0,NO_LIEN
TX_00000907,CARD_000488,67.49,USD,0,ORGANIC_NORMAL,NONE,,False,0.0,,0,NO_LIEN
TX_00000908,CARD_000226,18.42,USD,0,ORGANIC_NORMAL,NONE,,False,0.0,,0,NO_LIEN
TX_00000909,CARD_000226,103.03,USD,0,ORGANIC_NORMAL,NONE,,False,0.0,,0,NO_LIEN
TX_00000910,CARD_000453,48.14,USD,0,ORGANIC_NORMAL,NONE,,False,0.0,,0,NO_LIEN
TX_00000911,CARD_000453,23.77,USD,0,ORGANIC_NORMAL,NONE,,False,0.0,,0,NO_LIEN
TX_00000912,CARD_000715,0.74,USD,1,INTENT_OMEGA_PROBE,FIRST_CHARGEBACK,10.4,False,0.0,,0,NO_LIEN
TX_00000913,CARD_000631,80.05,USD,0,ORGANIC_NORMAL,NONE,,False,0.0,,0,NO_LIEN
TX_00000914,CARD_000631,40.52,USD,0,ORGANIC_NORMAL,NONE,,False,0.0,,0,NO_LIEN
TX_00000915,CARD_000631,607.91,USD,0,ORGANIC_NORMAL,NONE,,False,0.0,,0,NO_LIEN
TX_00000916,CARD_000631,136.53,USD,0,ORGANIC_NORMAL,NONE,,False,0.0,,0,NO_LIEN
TX_00000917,CARD_000631,15.42,USD,0,ORGANIC_NORMAL,NONE,,False,0.0,,0,NO_LIEN
TX_00000918,CARD_000631,145.08,USD,0,ORGANIC_NORMAL,NONE,,False,0.0,,0,NO_LIEN
TX_00000919,CARD_000631,74.19,USD,0,ORGANIC_NORMAL,NONE,,False,0.0,,0,NO_LIEN
TX_00000920,CARD_000631,467.98,USD,0,ORGANIC_NORMAL,NONE,,False,0.0,,0,NO_LIEN
TX_00000921,CARD_000631,97.8,USD,0,ORGANIC_NORMAL,NONE,,False,0.0,,0,NO_LIEN
TX_00000922,CARD_000037,1367.84,USD,1,INTENT_OMEGA_HARVEST,NONE,,False,0.0,,0,NO_LIEN
TX_00000923,CARD_000631,17.68,USD,0,ORGANIC_NORMAL,NONE,,False,0.0,,0,NO_LIEN
TX_00000924,CARD_000631,228.6,USD,0,ORGANIC_NORMAL,NONE,,False,0.0,,0,NO_LIEN
TX_00000925,CARD_000752,48.2,USD,0,ORGANIC_NORMAL,NONE,,False,0.0,,0,NO_LIEN
TX_00000926,CARD_000985,40.21,USD,0,ORGANIC_NORMAL,NONE,,False,0.0,,0,NO_LIEN
TX_00000927,CARD_000857,164.95,USD,0,ORGANIC_NORMAL,NONE,,False,0.0,,0,NO_LIEN
TX_00000928,CARD_000677,250.0,USD,0,ORGANIC_NORMAL,NONE,,False,0.0,,0,NO_LIEN
TX_00000929,CARD_000677,62.6,USD,0,ORGANIC_NORMAL,NONE,,False,0.0,,0,NO_LIEN
TX_00000930,CARD_000849,34.24,USD,0,ORGANIC_NORMAL,NONE,,False,0.0,,0,NO_LIEN
TX_00000931,CARD_000849,20.68,USD,0,ORGANIC_NORMAL,NONE,,False,0.0,,0,NO_LIEN
TX_00000932,CARD_000677,545.19,USD,0,ORGANIC_NORMAL,NONE,,False,0.0,,0,NO_LIEN
TX_00000933,CARD_000677,24.38,USD,0,ORGANIC_NORMAL,NONE,,False,0.0,,0,NO_LIEN
TX_00000934,CARD_000677,128.43,USD,0,ORGANIC_NORMAL,NONE,,False,0.0,,0,NO_LIEN
TX_00000935,CARD_000677,3.49,USD,0,ORGANIC_NORMAL,NONE,,False,0.0,,0,NO_LIEN
TX_00000936,CARD_000849,212.35,USD,0,ORGANIC_NORMAL,NONE,,False,0.0,,0,NO_LIEN
TX_00000937,CARD_000677,72.0,USD,0,ORGANIC_NORMAL,NONE,,False,0.0,,0,NO_LIEN
TX_00000938,CARD_000849,48.36,USD,0,ORGANIC_NORMAL,NONE,,False,0.0,,0,NO_LIEN
TX_00000939,CARD_000677,68.54,USD,0,ORGANIC_NORMAL,NONE,,False,0.0,,0,NO_LIEN
TX_00000940,CARD_000849,64.01,USD,0,ORGANIC_NORMAL,NONE,,False,0.0,,0,NO_LIEN
TX_00000941,CARD_000132,27.7,USD,0,ORGANIC_NORMAL,NONE,,False,0.0,,0,NO_LIEN
TX_00000942,CARD_000677,25.73,USD,0,ORGANIC_NORMAL,NONE,,False,0.0,,0,NO_LIEN
TX_00000943,CARD_000132,7.11,USD,0,ORGANIC_NORMAL,NONE,,False,0.0,,0,NO_LIEN
TX_00000944,CARD_000132,7.84,USD,0,ORGANIC_NORMAL,NONE,,False,0.0,,0,NO_LIEN
TX_00000945,CARD_000132,12.28,USD,0,ORGANIC_NORMAL,NONE,,False,0.0,,0,NO_LIEN
TX_00000946,CARD_000132,17.46,USD,0,ORGANIC_NORMAL,NONE,,False,0.0,,0,NO_LIEN
TX_00000947,CARD_000136,170.01,USD,0,ORGANIC_NORMAL,NONE,,False,0.0,,0,NO_LIEN
TX_00000948,CARD_000819,20.31,USD,0,ORGANIC_NORMAL,NONE,,False,0.0,,0,NO_LIEN
TX_00000949,CARD_000136,20.1,USD,0,ORGANIC_NORMAL,NONE,,False,0.0,,0,NO_LIEN
TX_00000950,CARD_000819,111.17,USD,0,ORGANIC_NORMAL,NONE,,False,0.0,,0,NO_LIEN
TX_00000951,CARD_000819,17.59,USD,0,ORGANIC_NORMAL,NONE,,False,0.0,,0,NO_LIEN
TX_00000952,CARD_000251,50.12,USD,0,ORGANIC_NORMAL,NONE,,False,0.0,,0,NO_LIEN
TX_00000953,CARD_000136,115.73,USD,0,ORGANIC_NORMAL,NONE,,False,0.0,,0,NO_LIEN
TX_00000954,CARD_000819,42.37,USD,0,ORGANIC_NORMAL,NONE,,False,0.0,,0,NO_LIEN
TX_00000955,CARD_000136,84.33,USD,0,ORGANIC_NORMAL,NONE,,False,0.0,,0,NO_LIEN
TX_00000956,CARD_000275,64.12,USD,0,ORGANIC_NORMAL,NONE,,False,0.0,,0,NO_LIEN
TX_00000957,CARD_000136,30.97,USD,0,ORGANIC_NORMAL,NONE,,False,0.0,,0,NO_LIEN
TX_00000958,CARD_000819,33.23,USD,0,ORGANIC_NORMAL,NONE,,False,0.0,,0,NO_LIEN
TX_00000959,CARD_000819,25.25,USD,0,ORGANIC_NORMAL,NONE,,False,0.0,,0,NO_LIEN
TX_00000960,CARD_000819,36.07,USD,0,ORGANIC_NORMAL,NONE,,False,0.0,,0,NO_LIEN
TX_00000961,CARD_000043,9.48,USD,0,ORGANIC_NORMAL,NONE,,False,0.0,,0,NO_LIEN
TX_00000962,CARD_000819,73.92,USD,0,ORGANIC_NORMAL,NONE,,False,0.0,,0,NO_LIEN
TX_00000963,CARD_000043,177.29,USD,0,ORGANIC_NORMAL,NONE,,False,0.0,,0,NO_LIEN
TX_00000964,CARD_000043,34.97,USD,0,ORGANIC_NORMAL,NONE,,False,0.0,,0,NO_LIEN
TX_00000965,CARD_000043,71.68,USD,0,ORGANIC_NORMAL,NONE,,False,0.0,,0,NO_LIEN
TX_00000966,CARD_000627,14.23,USD,0,ORGANIC_NORMAL,NONE,,False,0.0,,0,NO_LIEN
TX_00000967,CARD_000592,28.78,USD,0,ORGANIC_NORMAL,NONE,,False,0.0,,0,NO_LIEN
TX_00000968,CARD_000184,815.94,USD,0,ORGANIC_NORMAL,NONE,,False,0.0,,0,NO_LIEN
TX_00000969,CARD_000184,24.13,USD,0,ORGANIC_NORMAL,NONE,,False,0.0,,0,NO_LIEN
TX_00000970,CARD_000184,82.11,USD,0,ORGANIC_NORMAL,NONE,,False,0.0,,0,NO_LIEN
TX_00000971,CARD_000184,428.46,USD,0,HARD_NEGATIVE_TRAVEL,NONE,,False,0.0,,0,NO_LIEN
TX_00000972,CARD_000428,1.86,USD,0,ORGANIC_NORMAL,NONE,,False,0.0,,0,NO_LIEN
TX_00000973,CARD_000428,59.04,USD,0,ORGANIC_NORMAL,NONE,,False,0.0,,0,NO_LIEN
TX_00000974,CARD_000428,158.34,USD,0,ORGANIC_NORMAL,NONE,,False,0.0,,0,NO_LIEN
TX_00000975,CARD_000662,12.92,USD,0,ORGANIC_NORMAL,NONE,,False,0.0,,0,NO_LIEN
TX_00000976,CARD_000662,1253.16,USD,0,HARD_NEGATIVE_RELOCATION,NONE,,False,0.0,,0,NO_LIEN
TX_00000977,CARD_000523,46.29,USD,0,ORGANIC_NORMAL,NONE,,False,0.0,,0,NO_LIEN
TX_00000978,CARD_000523,84.23,USD,0,ORGANIC_NORMAL,NONE,,False,0.0,,0,NO_LIEN
TX_00000979,CARD_000523,15.22,USD,0,ORGANIC_NORMAL,NONE,,False,0.0,,0,NO_LIEN
TX_00000980,CARD_000989,68.2,USD,0,ORGANIC_NORMAL,NONE,,False,0.0,,0,NO_LIEN
TX_00000981,CARD_000989,72.66,USD,0,ORGANIC_NORMAL,NONE,,False,0.0,,0,NO_LIEN
TX_00000982,CARD_000523,10.3,USD,0,ORGANIC_NORMAL,NONE,,False,0.0,,0,NO_LIEN
TX_00000983,CARD_000523,117.77,USD,0,ORGANIC_NORMAL,NONE,,False,0.0,,0,NO_LIEN
TX_00000984,CARD_000523,126.87,USD,0,ORGANIC_NORMAL,NONE,,False,0.0,,0,NO_LIEN
TX_00000985,CARD_000523,587.82,USD,0,ORGANIC_NORMAL,NONE,,False,0.0,,0,NO_LIEN
TX_00000986,CARD_000523,12.07,USD,0,ORGANIC_NORMAL,NONE,,False,0.0,,0,NO_LIEN
TX_00000987,CARD_000681,13.91,USD,0,ORGANIC_NORMAL,NONE,,False,0.0,,0,NO_LIEN
TX_00000988,CARD_000681,84.7,USD,0,ORGANIC_NORMAL,NONE,,False,0.0,,0,NO_LIEN
TX_00000989,CARD_000681,8.49,USD,0,ORGANIC_NORMAL,NONE,,False,0.0,,0,NO_LIEN
TX_00000990,CARD_000681,46.84,USD,0,ORGANIC_NORMAL,NONE,,False,0.0,,0,NO_LIEN
TX_00000991,CARD_000165,31.71,USD,0,ORGANIC_NORMAL,NONE,,False,0.0,,0,NO_LIEN
TX_00000992,CARD_000702,50.59,USD,0,ORGANIC_NORMAL,NONE,,False,0.0,,0,NO_LIEN
TX_00000993,CARD_000702,32.86,USD,0,ORGANIC_NORMAL,NONE,,False,0.0,,0,NO_LIEN
TX_00000994,CARD_000702,102.89,USD,0,ORGANIC_NORMAL,NONE,,False,0.0,,0,NO_LIEN
TX_00000995,CARD_000587,35.63,USD,0,ORGANIC_NORMAL,NONE,,False,0.0,,0,NO_LIEN
TX_00000996,CARD_000702,32.94,USD,0,ORGANIC_NORMAL,NONE,,False,0.0,,0,NO_LIEN
TX_00000997,CARD_000702,38.29,USD,0,ORGANIC_NORMAL,NONE,,False,0.0,,0,NO_LIEN
TX_00000998,CARD_000587,54.54,USD,0,ORGANIC_NORMAL,NONE,,False,0.0,,0,NO_LIEN
TX_00000999,CARD_000702,29.09,USD,0,ORGANIC_NORMAL,NONE,,False,0.0,,0,NO_LIEN
